year,month,obs_count,exp_count_days_adjusted,std_resid,resid_p,resid_q,high_month_sig_05,high_month_sig_01
2014,1,0,1458.358904109589,-38.18846558988184,0.0,0.0,False,False
2014,2,0,1317.227397260274,-36.29362750208739,2.0393209599387897e-288,2.0393209599387897e-288,False,False
2014,3,0,1458.358904109589,-38.18846558988184,0.0,0.0,False,False
2014,4,0,1411.3150684931506,-37.56747354418647,7.305461484651883e-309,7.96959434689296e-309,False,False
2014,5,0,1458.358904109589,-38.18846558988184,0.0,0.0,False,False
2014,6,0,1411.3150684931506,-37.56747354418647,7.305461484651883e-309,7.96959434689296e-309,False,False
2014,7,0,1458.358904109589,-38.18846558988184,0.0,0.0,False,False
2014,8,0,1458.358904109589,-38.18846558988184,0.0,0.0,False,False
2014,9,0,1411.3150684931506,-37.56747354418647,7.305461484651883e-309,7.96959434689296e-309,False,False
2014,10,0,1458.358904109589,-38.18846558988184,0.0,0.0,False,False
2014,11,11715,1411.3150684931506,274.27143641660547,0.0,0.0,True,True
2014,12,5456,1458.358904109589,104.68189894881766,0.0,0.0,True,True
2015,1,29105,23839.424657534248,34.103420996029435,6.563276010271663e-255,6.563276010271663e-255,True,True
2015,2,44918,21532.383561643837,159.368604054879,0.0,0.0,True,True
2015,3,35622,23839.424657534248,76.31191297955657,0.0,0.0,True,True
2015,4,10723,23070.410958904107,-81.29208032543058,0.0,0.0,False,False
2015,5,14351,23839.424657534248,-61.453444237200465,0.0,0.0,False,False
2015,6,48404,23070.410958904107,166.78963404673127,0.0,0.0,True,True
2015,7,33717,23839.424657534248,63.973846809751564,0.0,0.0,True,True
2015,8,17310,23839.424657534248,-42.28896245428551,0.0,0.0,False,False
2015,9,17864,23070.410958904107,-34.27762947933818,1.6909558374929373e-257,1.8446790954468406e-257,False,False
2015,10,11638,23839.424657534248,-79.02466393204612,0.0,0.0,False,False
2015,11,9436,23070.410958904107,-89.76534712824824,0.0,0.0,False,False
2015,12,7602,23839.424657534248,-105.16452485663036,0.0,0.0,False,False
2016,1,26768,25094.5,10.564195831067975,4.366953976269245e-26,4.763949792293722e-26,True,True
2016,2,21788,23475.5,-11.013778955140559,3.2795304822876635e-28,3.935436578745196e-28,False,False
2016,3,15047,25094.5,-63.42620711840781,0.0,0.0,False,False
2016,4,10186,24284.999999999996,-90.47305526309518,0.0,0.0,False,False
2016,5,16017,25094.5,-57.30295049687454,0.0,0.0,False,False
2016,6,38168,24284.999999999996,89.08698675207823,0.0,0.0,True,True
2016,7,24000,25094.5,-6.909179765224916,4.8746393091140944e-12,4.8746393091140944e-12,False,False
2016,8,32200,25094.5,44.854432911654314,0.0,0.0,True,True
2016,9,77368,24284.999999999996,340.632753566273,0.0,0.0,True,True
2016,10,11492,25094.5,-85.86762700454264,0.0,0.0,False,False
2016,11,7549,24284.999999999996,-107.39464166842761,0.0,0.0,False,False
2016,12,15694,25094.5,-59.341931825488196,0.0,0.0,False,False
2017,1,28131,19280.301369863013,63.74125999455038,0.0,0.0,True,True
2017,2,16090,17414.465753424658,-10.036577800893815,1.0526285970193576e-23,1.263154316423229e-23,False,False
2017,3,36381,19280.301369863013,123.15638832853837,0.0,0.0,True,True
2017,4,16070,18658.35616438356,-18.949045851397884,4.4966258163183e-80,5.9955010884244e-80,False,False
2017,5,14520,19280.301369863013,-34.282899005923596,1.4112837217364646e-257,2.116925582604697e-257,False,False
2017,6,18999,18658.35616438356,2.49381277156239,0.012637918670071855,0.012637918670071855,True,False
2017,7,17938,19280.301369863013,-9.667031291308943,4.1627832788640073e-22,4.541218122397099e-22,False,False
2017,8,13249,19280.301369863013,-43.436429686226475,0.0,0.0,False,False
2017,9,10028,18658.35616438356,-63.18180508660648,0.0,0.0,False,False
2017,10,13706,19280.301369863013,-40.145191668210416,0.0,0.0,False,False
2017,11,12907,18658.35616438356,-42.104990482474484,0.0,0.0,False,False
2017,12,28991,19280.301369863013,69.93483700876004,0.0,0.0,True,True
2018,1,184784,56672.161643835614,538.1512756531025,0.0,0.0,True,True
2018,2,32830,51187.75890410959,-81.1402990525897,0.0,0.0,False,False
2018,3,241848,56672.161643835614,777.8564019545004,0.0,0.0,True,True
2018,4,31034,54844.02739726027,-101.67056232230502,0.0,0.0,False,False
2018,5,39980,56672.161643835614,-70.11770494670832,0.0,0.0,False,False
2018,6,27260,54844.02739726027,-117.78581896617307,0.0,0.0,False,False
2018,7,30154,56672.161643835614,-111.39316006793246,0.0,0.0,False,False
2018,8,32208,56672.161643835614,-102.76505251460513,0.0,0.0,False,False
2018,9,9595,54844.02739726027,-193.21666385592644,0.0,0.0,False,False
2018,10,11566,56672.161643835614,-189.4745929799327,0.0,0.0,False,False
2018,11,15095,54844.02739726027,-169.7312606918368,0.0,0.0,False,False
2018,12,10915,56672.161643835614,-192.20920739922,0.0,0.0,False,False
2019,1,16931,26038.216438356165,-56.439095050600734,0.0,0.0,False,False
2019,2,36372,23518.389041095892,83.81492598984619,0.0,0.0,True,True
2019,3,13959,26038.216438356165,-74.85712558998051,0.0,0.0,False,False
2019,4,22582,25198.27397260274,-16.481541334388268,4.979890226359173e-61,5.432607519664552e-61,False,False
2019,5,11842,26038.216438356165,-87.97656389814571,0.0,0.0,False,False
2019,6,28221,25198.27397260274,19.04203630230581,7.649496532012386e-81,9.179395838414863e-81,True,True
2019,7,74972,26038.216438356165,303.2516554662707,0.0,0.0,True,True
2019,8,17149,26038.216438356165,-55.08810896123842,0.0,0.0,False,False
2019,9,4466,25198.27397260274,-130.60552297410274,0.0,0.0,False,False
2019,10,21859,26038.216438356165,-25.899372810337088,6.76892565300885e-148,9.025234204011801e-148,False,False
2019,11,25069,25198.27397260274,-0.8143773722570092,0.41542879738850935,0.41542879738850935,False,False
2019,12,33157,26038.216438356165,44.116410848449156,0.0,0.0,True,True
2020,1,18995,23216.79781420765,-27.70743168104212,5.681442377979685e-169,5.681442377979685e-169,False,False
2020,2,16770,21718.939890710382,-33.58094143000834,3.1837808849304016e-247,3.820537061916482e-247,False,False
2020,3,12838,23216.79781420765,-68.11549108314631,0.0,0.0,False,False
2020,4,8958,22467.868852459014,-90.13017058198491,0.0,0.0,False,False
2020,5,10380,23216.79781420765,-84.24721270250186,0.0,0.0,False,False
2020,6,17825,22467.868852459014,-30.974583560502033,1.185848118870369e-210,1.2936524933131298e-210,False,False
2020,7,62749,23216.79781420765,259.4477138573153,0.0,0.0,True,True
2020,8,51488,23216.79781420765,185.5423773416266,0.0,0.0,True,True
2020,9,12002,22467.868852459014,-69.82233175336262,0.0,0.0,False,False
2020,10,16172,23216.79781420765,-46.234628642572105,0.0,0.0,False,False
2020,11,16597,22467.868852459014,-39.1671019841381,0.0,0.0,False,False
2020,12,29334,23216.79781420765,40.146868490852505,0.0,0.0,True,True
2021,1,16065,27128.482191780822,-67.17057918423967,0.0,0.0,False,False
2021,2,56325,24503.145205479454,203.2893245411476,0.0,0.0,True,True
2021,3,27437,27128.482191780822,1.8731281442410532,0.06105069178769222,0.06105069178769222,False,False
2021,4,15231,26253.369863013697,-68.02717739608833,0.0,0.0,False,False
2021,5,29583,27128.482191780822,14.902304711856216,3.1840413212281275e-50,3.4734996231579575e-50,True,True
2021,6,42164,26253.369863013697,98.19623840098419,0.0,0.0,True,True
2021,7,30807,27128.482191780822,22.333671030011367,1.740282919108163e-110,2.0883395029297955e-110,True,True
2021,8,32068,27128.482191780822,29.98967832347023,1.3379076331084972e-197,1.783876844144663e-197,True,True
2021,9,19853,26253.369863013697,-39.501405004818544,0.0,0.0,False,False
2021,10,16644,27128.482191780822,-63.65525148962215,0.0,0.0,False,False
2021,11,16422,26253.369863013697,-60.67663760422283,0.0,0.0,False,False
2021,12,16817,27128.482191780822,-62.60490314563454,0.0,0.0,False,False
2022,1,69726,49873.479452054795,88.89571352352532,0.0,0.0,True,True
2022,2,57591,45047.01369863014,59.10205317030262,0.0,0.0,True,True
2022,3,29877,49873.479452054795,-89.54033340783573,0.0,0.0,False,False
2022,4,123690,48264.65753424657,343.3228240877087,0.0,0.0,True,True
2022,5,43263,49873.479452054795,-29.600437194048713,1.4750298980702963e-192,1.609123525167596e-192,False,False
2022,6,41965,48264.65753424657,-28.67492734852298,7.839269320257513e-181,7.839269320257513e-181,False,False
2022,7,61870,49873.479452054795,53.71807833336314,0.0,0.0,True,True
2022,8,42083,49873.479452054795,-34.884246960391806,1.2887141838183933e-266,1.5464570205820719e-266,False,False
2022,9,24445,48264.65753424657,-108.42286990175367,0.0,0.0,False,False
2022,10,26115,49873.479452054795,-106.3858353917194,0.0,0.0,False,False
2022,11,25189,48264.65753424657,-105.03631343716442,0.0,0.0,False,False
2022,12,41406,49873.479452054795,-37.915720868708995,0.0,0.0,False,False
2023,1,15984,19121.054794520547,-22.68643115137547,6.0990280856661734e-114,1.0455476718284869e-113,False,False
2023,2,19058,17270.630136986303,13.60067112680694,3.967757246858999e-42,5.2903429958119986e-42,True,True
2023,3,14391,19121.054794520547,-34.20662674606687,1.9271911445120997e-256,3.8543822890241993e-256,False,False
2023,4,15977,18504.246575342466,-18.578554177118132,4.792435528488455e-77,7.188653292732684e-77,False,False
2023,5,20932,19121.054794520547,13.096323275826675,3.455980731613593e-39,4.147176877936311e-39,True,True
2023,6,8933,18504.246575342466,-70.36112929283922,0.0,0.0,False,False
2023,7,37758,19121.054794520547,134.7779372596794,0.0,0.0,True,True
2023,8,20393,19121.054794520547,9.198403987980686,3.633055815273102e-20,3.9633336166615664e-20,True,True
2023,9,31727,18504.246575342466,97.20446088145756,0.0,0.0,True,True
2023,10,13966,19121.054794520547,-37.28012525689162,3.4453612076908715e-304,8.268866898458092e-304,False,False
2023,11,7288,18504.246575342466,-82.45402197673491,0.0,0.0,False,False
2023,12,18728,19121.054794520547,-2.842478413250432,0.0044764262437316975,0.0044764262437316975,False,False
