county_fips,year,month,outage_occurrence,outage_duration_mean,severe_weather_count,severe_weather_share,outage_mean_customers_mean,outage_max_customers_mean,county_name,year_centered,days_in_month,log_days,log_outage_occurrence,log_outage_duration_mean,log_outage_mean_customers
36005,2014,1,0.0,,0.0,0.0,,,Bronx,-4.5,31,3.4339872044851463,0.0,,
36005,2014,2,0.0,,0.0,0.0,,,Bronx,-4.5,28,3.332204510175204,0.0,,
36005,2014,3,0.0,,0.0,0.0,,,Bronx,-4.5,31,3.4339872044851463,0.0,,
36005,2014,4,0.0,,0.0,0.0,,,Bronx,-4.5,30,3.4011973816621555,0.0,,
36005,2014,5,0.0,,0.0,0.0,,,Bronx,-4.5,31,3.4339872044851463,0.0,,
36005,2014,6,0.0,,0.0,0.0,,,Bronx,-4.5,30,3.4011973816621555,0.0,,
36005,2014,7,0.0,,0.0,0.0,,,Bronx,-4.5,31,3.4339872044851463,0.0,,
36005,2014,8,0.0,,0.0,0.0,,,Bronx,-4.5,31,3.4339872044851463,0.0,,
36005,2014,9,0.0,,0.0,0.0,,,Bronx,-4.5,30,3.4011973816621555,0.0,,
36005,2014,10,0.0,,0.0,0.0,,,Bronx,-4.5,31,3.4339872044851463,0.0,,
36005,2014,11,3.0,0.8333333333333334,0.0,0.0,456.1111111111111,568.3333333333334,Bronx,-4.5,30,3.4011973816621555,1.3862943611198906,0.6061358035703156,6.124926492876683
36005,2014,12,3.0,1.4166666666666667,0.0,0.0,365.4285714285714,368.3333333333333,Bronx,-4.5,31,3.4339872044851463,1.3862943611198906,0.8823891801984738,5.903803608549556
36005,2015,1,3.0,2.4166666666666665,0.0,0.0,240.09743589743587,249.66666666666666,Bronx,-3.5,31,3.4339872044851463,1.3862943611198906,1.2286654169163074,5.485201150113717
36005,2015,2,8.0,1.59375,0.0,0.0,379.47081105169343,429.875,Bronx,-3.5,28,3.332204510175204,2.1972245773362196,0.9531047049968714,5.941409462274312
36005,2015,3,8.0,2.3125,0.0,0.0,348.98640046296293,431.25,Bronx,-3.5,31,3.4339872044851463,2.1972245773362196,1.1977031913123406,5.857894297908446
36005,2015,4,2.0,2.875,0.0,0.0,652.1911764705883,751.5,Bronx,-3.5,30,3.4011973816621555,1.0986122886681098,1.3545456628053103,6.481869852846146
36005,2015,5,8.0,1.625,0.0,0.0,1735.7222222222222,1738.5,Bronx,-3.5,31,3.4339872044851463,2.1972245773362196,0.965080896043587,7.459754835330917
36005,2015,6,7.0,1.7142857142857142,0.0,0.0,332.2125850340136,342.85714285714283,Bronx,-3.5,30,3.4011973816621555,2.0794415416798357,0.9985288301111271,5.808780679789536
36005,2015,7,20.0,1.525,0.0,0.0,645.7139851814852,723.35,Bronx,-3.5,31,3.4339872044851463,3.044522437723423,0.9262410627273231,6.471904133673314
36005,2015,8,4.0,0.625,0.0,0.0,535.3125,535.5,Bronx,-3.5,31,3.4339872044851463,1.6094379124341003,0.4855078157817008,6.28471701356734
36005,2015,9,2.0,1.125,0.0,0.0,700.4166666666667,900.0,Bronx,-3.5,30,3.4011973816621555,1.0986122886681098,0.7537718023763802,6.553102099423576
36005,2015,10,4.0,1.25,0.0,0.0,395.71875,475.0,Bronx,-3.5,31,3.4339872044851463,1.6094379124341003,0.8109302162163288,5.983227591339053
36005,2015,11,0.0,,0.0,0.0,,,Bronx,-3.5,30,3.4011973816621555,0.0,,
36005,2015,12,3.0,1.25,0.0,0.0,599.3174603174604,607.3333333333334,Bronx,-3.5,31,3.4339872044851463,1.3862943611198906,0.8109302162163288,6.3974586158209155
36005,2016,1,7.0,2.8214285714285716,0.0,0.0,458.5477293620151,518.8571428571429,Bronx,-2.5,31,3.4339872044851463,2.0794415416798357,1.3406243242867022,6.13024280878879
36005,2016,2,8.0,2.6875,0.0,0.0,547.897686990429,690.375,Bronx,-2.5,29,3.367295829986474,2.1972245773362196,1.3049487216659381,6.307912061647218
36005,2016,3,5.0,1.35,0.0,0.0,673.4851648351648,751.8,Bronx,-2.5,31,3.4339872044851463,1.791759469228055,0.8544153281560676,6.513949681091869
36005,2016,4,2.0,1.875,0.0,0.0,694.7222222222222,731.5,Bronx,-2.5,30,3.4011973816621555,1.0986122886681098,1.0560526742493137,6.544950474667868
36005,2016,5,2.0,2.5,0.0,0.0,453.20000000000005,506.0,Bronx,-2.5,31,3.4339872044851463,1.0986122886681098,1.252762968495368,6.118537629671458
36005,2016,6,9.0,2.7777777777777777,0.0,0.0,545.5602146391619,743.5555555555555,Bronx,-2.5,30,3.4011973816621555,2.302585092994046,1.329135947279942,6.303644483869313
36005,2016,7,16.0,2.21875,0.0,0.0,756.9607582521645,998.8125,Bronx,-2.5,31,3.4339872044851463,2.833213344056216,1.1689930854299093,6.630631614186375
36005,2016,8,12.0,2.1041666666666665,0.0,0.0,738.7600111389585,871.75,Bronx,-2.5,31,3.4339872044851463,2.5649493574615367,1.1327452950375683,6.606325824326913
36005,2016,9,8.0,1.6875,0.0,0.0,428.5575980392157,464.125,Bronx,-2.5,30,3.4011973816621555,2.1972245773362196,0.9886113934537812,6.062755837297354
36005,2016,10,5.0,1.35,0.0,0.0,850.46,920.2,Bronx,-2.5,31,3.4339872044851463,1.791759469228055,0.8544153281560676,6.746952523074501
36005,2016,11,2.0,1.125,0.0,0.0,560.5625,634.5,Bronx,-2.5,30,3.4011973816621555,1.0986122886681098,0.7537718023763802,6.330723076977878
36005,2016,12,0.0,,0.0,0.0,,,Bronx,-2.5,31,3.4339872044851463,0.0,,
36005,2017,1,5.0,1.2,0.0,0.0,472.9333333333333,694.6,Bronx,-1.5,31,3.4339872044851463,1.791759469228055,0.7884573603642702,6.161066664827273
36005,2017,2,3.0,4.666666666666667,0.0,0.0,1088.1301416623999,1306.6666666666667,Bronx,-1.5,28,3.332204510175204,1.3862943611198906,1.7346010553881064,6.993134621451498
36005,2017,3,8.0,1.84375,0.0,0.0,477.82190860215053,489.75,Bronx,-1.5,31,3.4339872044851463,2.1972245773362196,1.0451236037171234,6.1713287299514175
36005,2017,4,5.0,2.1,0.0,0.0,415.43950216450213,628.4,Bronx,-1.5,30,3.4011973816621555,1.791759469228055,1.1314021114911006,6.031741198150315
36005,2017,5,7.0,1.8571428571428572,0.0,0.0,414.21733821733824,429.42857142857144,Bronx,-1.5,31,3.4339872044851463,2.0794415416798357,1.0498221244986776,6.028802089692087
36005,2017,6,10.0,1.95,0.0,0.0,962.2983333333334,1195.3,Bronx,-1.5,30,3.4011973816621555,2.3978952727983707,1.0818051703517284,6.870363159598408
36005,2017,7,5.0,2.1,0.0,0.0,400.17928571428575,434.0,Bronx,-1.5,31,3.4339872044851463,1.791759469228055,1.1314021114911006,5.994408423933043
36005,2017,8,4.0,2.5,0.0,0.0,488.0785714285714,717.0,Bronx,-1.5,31,3.4339872044851463,1.6094379124341003,1.252762968495368,6.192523154335622
36005,2017,9,3.0,2.5,0.0,0.0,367.5555555555555,375.0,Bronx,-1.5,30,3.4011973816621555,1.3862943611198906,1.252762968495368,5.909591461610833
36005,2017,10,4.0,2.125,0.0,0.0,593.2700320512821,638.75,Bronx,-1.5,31,3.4339872044851463,1.6094379124341003,1.1394342831883648,6.38733381547657
36005,2017,11,3.0,1.6666666666666667,0.0,0.0,432.8055555555555,433.0,Bronx,-1.5,30,3.4011973816621555,1.3862943611198906,0.9808292530117263,6.072596405031736
36005,2017,12,7.0,3.4642857142857144,0.0,0.0,609.4790616246498,700.8571428571429,Bronx,-1.5,31,3.4339872044851463,2.0794415416798357,1.4961092271270973,6.41424399586948
36005,2018,1,18.0,1.2916666666666667,0.0,0.0,785.9708333333333,1210.1666666666667,Bronx,-0.5,31,3.4339872044851463,2.9444389791664403,0.8292793548845253,6.668191187163087
36005,2018,2,3.0,1.8333333333333333,0.0,0.0,507.63888888888886,633.3333333333334,Bronx,-0.5,28,3.332204510175204,1.3862943611198906,1.041453874828161,6.231738312685604
36005,2018,3,21.0,11.464285714285714,4.0,0.19047619047619047,2691.5267989128274,3664.9523809523807,Bronx,-0.5,31,3.4339872044851463,3.091042453358316,2.522867412027223,7.898235362151977
36005,2018,4,10.0,1.4,1.0,0.1,805.1525062656641,841.8,Bronx,-0.5,30,3.4011973816621555,2.3978952727983707,0.8754687373538999,6.69227293833708
36005,2018,5,7.0,2.5,2.0,0.2857142857142857,639.4275710284113,816.2857142857143,Bronx,-0.5,31,3.4339872044851463,2.0794415416798357,1.252762968495368,6.462136033019691
36005,2018,6,6.0,2.2083333333333335,0.0,0.0,689.5429487179487,826.0,Bronx,-0.5,30,3.4011973816621555,1.9459101490553132,1.1657515915057384,6.537478170361744
36005,2018,7,9.0,4.0,0.0,0.0,496.8319664592128,678.3333333333334,Bronx,-0.5,31,3.4339872044851463,2.302585092994046,1.6094379124341003,6.210262603338245
36005,2018,8,12.0,4.0,0.0,0.0,390.425634748849,447.75,Bronx,-0.5,31,3.4339872044851463,2.5649493574615367,1.6094379124341003,5.969795547832215
36005,2018,9,9.0,1.3333333333333333,0.0,0.0,573.7191798941799,584.2222222222222,Bronx,-0.5,30,3.4011973816621555,2.302585092994046,0.8472978603872036,6.3538815387069
36005,2018,10,2.0,2.5,0.0,0.0,865.4797979797979,972.0,Bronx,-0.5,31,3.4339872044851463,1.0986122886681098,1.252762968495368,6.764438794377004
36005,2018,11,2.0,0.375,0.0,0.0,1444.5,1444.5,Bronx,-0.5,30,3.4011973816621555,1.0986122886681098,0.3184537311185346,7.2762105614564
36005,2018,12,6.0,1.375,0.0,0.0,440.0833333333333,446.0,Bronx,-0.5,31,3.4339872044851463,1.9459101490553132,0.8649974374866045,6.089233822069987
36005,2019,1,3.0,1.9166666666666667,0.0,0.0,286.03205128205127,310.6666666666667,Bronx,0.5,31,3.4339872044851463,1.3862943611198906,1.0704414117014134,5.659593886465161
36005,2019,2,10.0,1.95,0.0,0.0,551.8757469654529,638.9,Bronx,0.5,28,3.332204510175204,2.3978952727983707,1.0818051703517284,6.315133287244242
36005,2019,3,6.0,2.5833333333333335,0.0,0.0,642.8548079135036,744.0,Bronx,0.5,31,3.4339872044851463,1.9459101490553132,1.2762934659055623,6.4674732471354215
36005,2019,4,9.0,1.3055555555555556,0.0,0.0,435.0747474747475,435.3333333333333,Bronx,0.5,30,3.4011973816621555,2.302585092994046,0.8353216693404879,6.077813667817286
36005,2019,5,2.0,4.25,0.0,0.0,573.3298611111111,574.0,Bronx,0.5,31,3.4339872044851463,1.0986122886681098,1.6582280766035324,6.353203902184744
36005,2019,6,5.0,1.15,0.0,0.0,611.8888888888889,637.0,Bronx,0.5,30,3.4011973816621555,1.791759469228055,0.7654678421395714,6.418183661576973
36005,2019,7,14.0,3.5535714285714284,2.0,0.14285714285714285,862.0810418904402,1413.9285714285713,Bronx,0.5,31,3.4339872044851463,2.70805020110221,1.5159118544232768,6.760508593847589
36005,2019,8,5.0,3.65,0.0,0.0,335.1522344322344,369.0,Bronx,0.5,31,3.4339872044851463,1.791759469228055,1.536867219599265,5.817564136021422
36005,2019,9,6.0,1.0833333333333333,0.0,0.0,424.72222222222223,427.0,Bronx,0.5,30,3.4011973816621555,1.9459101490553132,0.7339691750802004,6.05378707307424
36005,2019,10,5.0,2.1,1.0,0.2,958.2047619047619,1186.8,Bronx,0.5,31,3.4339872044851463,1.791759469228055,1.1314021114911006,6.866104568155487
36005,2019,11,4.0,1.0,1.0,0.25,272.75,273.25,Bronx,0.5,30,3.4011973816621555,1.6094379124341003,0.6931471805599453,5.612215281130711
36005,2019,12,9.0,1.3888888888888888,0.0,0.0,612.4148148148148,698.0,Bronx,0.5,31,3.4339872044851463,2.302585092994046,0.8708283577973978,6.419041403352655
36005,2020,1,3.0,1.25,0.0,0.0,620.4682539682541,655.3333333333334,Bronx,1.5,31,3.4339872044851463,1.3862943611198906,0.8109302162163288,6.432084829949057
36005,2020,2,6.0,2.25,1.0,0.16666666666666666,408.19463869463874,455.5,Bronx,1.5,29,3.367295829986474,1.9459101490553132,1.1786549963416462,6.01419093207238
36005,2020,3,1.0,0.75,0.0,0.0,760.6666666666666,761.0,Bronx,1.5,31,3.4339872044851463,0.6931471805599453,0.5596157879354227,6.635509014660196
36005,2020,4,5.0,4.05,0.0,0.0,544.503431372549,605.4,Bronx,1.5,30,3.4011973816621555,1.791759469228055,1.6193882432872684,6.301709095578821
36005,2020,5,1.0,0.5,0.0,0.0,307.5,308.0,Bronx,1.5,31,3.4339872044851463,0.6931471805599453,0.4054651081081644,5.731721843345443
36005,2020,6,10.0,1.775,0.0,0.0,415.8570238095238,417.5,Bronx,1.5,30,3.4011973816621555,2.3978952727983707,1.0206507471983979,6.032743294443644
36005,2020,7,18.0,4.347222222222222,0.0,0.0,807.6431233074635,988.0,Bronx,1.5,31,3.4339872044851463,2.9444389791664403,1.6765772152717289,6.695357686612562
36005,2020,8,19.0,22.473684210526315,1.0,0.05263157894736842,1860.8910366562927,3442.157894736842,Bronx,1.5,31,3.4339872044851463,2.995732273553991,3.1558799728536235,7.5293479366060385
36005,2020,9,9.0,2.9444444444444446,0.0,0.0,778.3576176909511,966.6666666666666,Bronx,1.5,30,3.4011973816621555,2.302585092994046,1.3723081191451507,6.658470013303087
36005,2020,10,7.0,2.5714285714285716,1.0,0.14285714285714285,521.7523643023643,540.7142857142857,Bronx,1.5,31,3.4339872044851463,2.0794415416798357,1.2729656758128876,6.25910786111509
36005,2020,11,7.0,3.2857142857142856,0.0,0.0,617.000481000481,775.5714285714286,Bronx,1.5,30,3.4011973816621555,2.0794415416798357,1.455287232606842,6.4264892357753185
36005,2020,12,19.0,5.5131578947368425,0.0,0.0,531.2454442600803,597.0,Bronx,1.5,31,3.4339872044851463,2.995732273553991,1.8738244222823592,6.277104744338329
36005,2021,1,4.0,5.0,0.0,0.0,404.8390022675737,460.75,Bronx,2.5,31,3.4339872044851463,1.6094379124341003,1.791759469228055,6.00595653481754
36005,2021,2,25.0,4.61,0.0,0.0,281.76008280153974,304.8,Bronx,2.5,28,3.332204510175204,3.258096538021482,1.724550719534605,5.6445987741359955
36005,2021,3,7.0,1.6785714285714286,0.0,0.0,514.7030921459493,551.8571428571429,Bronx,2.5,31,3.4339872044851463,2.0794415416798357,0.9852836033611065,6.245531197055903
36005,2021,4,2.0,2.125,0.0,0.0,255.5625,256.0,Bronx,2.5,30,3.4011973816621555,1.0986122886681098,1.1394342831883648,5.547372299646748
36005,2021,5,10.0,1.1,0.0,0.0,404.935,421.6,Bronx,2.5,31,3.4339872044851463,2.3978952727983707,0.7419373447293773,6.006193048262428
36005,2021,6,12.0,4.375,0.0,0.0,345.7959578048263,486.3333333333333,Bronx,2.5,30,3.4011973816621555,2.5649493574615367,1.6817585740137264,5.848736589143033
36005,2021,7,12.0,4.25,0.0,0.0,741.675304467413,852.6666666666666,Bronx,2.5,31,3.4339872044851463,2.5649493574615367,1.6582280766035324,6.610258943102379
36005,2021,8,10.0,4.075,0.0,0.0,606.8801851090086,741.0,Bronx,2.5,31,3.4339872044851463,2.3978952727983707,1.6243265249278511,6.409977798581066
36005,2021,9,3.0,16.166666666666668,0.0,0.0,905.013986013986,1533.0,Bronx,2.5,30,3.4011973816621555,1.3862943611198906,2.842969519001581,6.809054743025358
36005,2021,10,9.0,1.7222222222222223,0.0,0.0,365.0248917748918,374.0,Bronx,2.5,31,3.4339872044851463,2.302585092994046,1.001448540214462,5.902701341402682
36005,2021,11,9.0,2.361111111111111,0.0,0.0,515.6147073524266,580.3333333333334,Bronx,2.5,30,3.4011973816621555,2.302585092994046,1.2122716071406312,6.247297349773383
36005,2021,12,3.0,5.5,0.0,0.0,361.7870651806822,407.3333333333333,Bronx,2.5,31,3.4339872044851463,1.3862943611198906,1.8718021769015913,5.893816064850948
36005,2022,1,24.0,2.0625,0.0,0.0,476.61530606102974,499.4583333333333,Bronx,3.5,31,3.4339872044851463,3.2188758248682006,1.1192315758708453,6.168805609431348
36005,2022,2,19.0,2.013157894736842,1.0,0.05263157894736842,379.74152510906896,396.5263157894737,Bronx,3.5,28,3.332204510175204,2.995732273553991,1.1029886632679085,5.942120733114073
36005,2022,3,8.0,2.40625,0.0,0.0,396.2304529352227,406.125,Bronx,3.5,31,3.4339872044851463,2.1972245773362196,1.2256119794294171,5.984516598253303
36005,2022,4,8.0,1.75,2.0,0.25,413.88124999999997,432.375,Bronx,3.5,30,3.4011973816621555,2.1972245773362196,1.0116009116784799,6.027992334705214
36005,2022,5,12.0,1.875,0.0,0.0,641.505518419489,693.3333333333334,Bronx,3.5,31,3.4339872044851463,2.5649493574615367,1.0560526742493137,6.46537540571224
36005,2022,6,11.0,3.0,0.0,0.0,460.14180884474996,471.1818181818182,Bronx,3.5,30,3.4011973816621555,2.4849066497880004,1.3862943611198906,6.133705607070867
36005,2022,7,24.0,2.4791666666666665,0.0,0.0,497.28121672510866,600.75,Bronx,3.5,31,3.4339872044851463,3.2188758248682006,1.246792801508864,6.211164609865093
36005,2022,8,15.0,4.816666666666666,0.0,0.0,856.1439168445195,1071.5333333333333,Bronx,3.5,31,3.4339872044851463,2.772588722239781,1.7607273599803264,6.753605835472721
36005,2022,9,13.0,2.1346153846153846,0.0,0.0,546.8750457875458,672.6153846153846,Bronx,3.5,30,3.4011973816621555,2.6390573296152584,1.142506482225335,6.306047242311949
36005,2022,10,6.0,0.625,0.0,0.0,431.26666666666665,441.5,Bronx,3.5,31,3.4339872044851463,1.9459101490553132,0.4855078157817008,6.0690426817533565
36005,2022,11,7.0,2.4285714285714284,0.0,0.0,551.3751336898396,650.5714285714286,Bronx,3.5,30,3.4011973816621555,2.0794415416798357,1.2321436812926323,6.314227405478192
36005,2022,12,8.0,1.1875,1.0,0.125,475.36875,476.625,Bronx,3.5,31,3.4339872044851463,2.1972245773362196,0.7827593392496325,6.166192239191925
36005,2023,1,7.0,1.3214285714285714,0.0,0.0,1778.9797979797981,1783.7142857142858,Bronx,4.5,31,3.4339872044851463,2.0794415416798357,0.8421827597204332,7.484357293772174
36005,2023,2,3.0,1.3333333333333333,0.0,0.0,364.7,409.0,Bronx,4.5,28,3.332204510175204,1.3862943611198906,0.8472978603872036,5.901813325155335
36005,2023,3,5.0,2.75,1.0,0.2,439.36756756756756,679.0,Bronx,4.5,31,3.4339872044851463,1.791759469228055,1.3217558399823195,6.087609759011323
36005,2023,4,8.0,1.6875,0.0,0.0,465.4983918128655,485.75,Bronx,4.5,30,3.4011973816621555,2.1972245773362196,0.9886113934537812,6.145254572934973
36005,2023,5,4.0,1.875,0.0,0.0,571.9791666666666,588.25,Bronx,4.5,31,3.4339872044851463,1.6094379124341003,1.0560526742493137,6.350849357705882
36005,2023,6,8.0,1.53125,0.0,0.0,731.7598214285714,741.375,Bronx,4.5,30,3.4011973816621555,2.1972245773362196,0.9287132518727123,6.596817983020208
36005,2023,7,14.0,2.5535714285714284,0.0,0.0,676.137779370388,735.0,Bronx,4.5,31,3.4339872044851463,2.70805020110221,1.267953133989343,6.5178747667855905
36005,2023,8,13.0,1.9423076923076923,0.0,0.0,408.8037451054692,451.0769230769231,Bronx,4.5,31,3.4339872044851463,2.6390573296152584,1.0791942028110082,6.0156783746246045
36005,2023,9,18.0,1.4444444444444444,0.0,0.0,584.8806483802098,605.8888888888889,Bronx,4.5,30,3.4011973816621555,2.9444389791664403,0.8938178760220965,6.373116097126987
36005,2023,10,10.0,1.725,0.0,0.0,752.0291666666666,771.2,Bronx,4.5,31,3.4339872044851463,2.3978952727983707,1.0024684281152074,6.62410396100283
36005,2023,11,2.0,2.25,0.0,0.0,595.0357142857142,819.0,Bronx,4.5,30,3.4011973816621555,1.0986122886681098,1.1786549963416462,6.3903005885681985
36005,2023,12,9.0,3.361111111111111,0.0,0.0,503.6976933073424,726.3333333333334,Bronx,4.5,31,3.4339872044851463,2.302585092994046,1.472726866892198,6.223959622912436
36047,2014,1,0.0,,0.0,0.0,,,Brooklyn,-4.5,31,3.4339872044851463,0.0,,
36047,2014,2,0.0,,0.0,0.0,,,Brooklyn,-4.5,28,3.332204510175204,0.0,,
36047,2014,3,0.0,,0.0,0.0,,,Brooklyn,-4.5,31,3.4339872044851463,0.0,,
36047,2014,4,0.0,,0.0,0.0,,,Brooklyn,-4.5,30,3.4011973816621555,0.0,,
36047,2014,5,0.0,,0.0,0.0,,,Brooklyn,-4.5,31,3.4339872044851463,0.0,,
36047,2014,6,0.0,,0.0,0.0,,,Brooklyn,-4.5,30,3.4011973816621555,0.0,,
36047,2014,7,0.0,,0.0,0.0,,,Brooklyn,-4.5,31,3.4339872044851463,0.0,,
36047,2014,8,0.0,,0.0,0.0,,,Brooklyn,-4.5,31,3.4339872044851463,0.0,,
36047,2014,9,0.0,,0.0,0.0,,,Brooklyn,-4.5,30,3.4011973816621555,0.0,,
36047,2014,10,0.0,,0.0,0.0,,,Brooklyn,-4.5,31,3.4339872044851463,0.0,,
36047,2014,11,6.0,1.0,0.0,0.0,650.8902777777778,656.3333333333334,Brooklyn,-4.5,30,3.4011973816621555,1.9459101490553132,0.6931471805599453,6.479876262148134
36047,2014,12,1.0,1.5,0.0,0.0,348.3333333333333,454.0,Brooklyn,-4.5,31,3.4339872044851463,0.6931471805599453,0.9162907318741551,5.856026576212877
36047,2015,1,19.0,8.763157894736842,0.0,0.0,535.4866161368228,945.3157894736842,Brooklyn,-3.5,31,3.4339872044851463,2.995732273553991,2.2786159028810493,6.285041615136697
36047,2015,2,25.0,9.12,0.0,0.0,402.24793148388073,667.84,Brooklyn,-3.5,28,3.332204510175204,3.258096538021482,2.3145136638593193,5.999551587379963
36047,2015,3,18.0,13.666666666666666,0.0,0.0,411.6990142478797,571.7777777777778,Brooklyn,-3.5,31,3.4339872044851463,2.9444389791664403,2.6855773452501515,6.022718548211656
36047,2015,4,5.0,2.0,0.0,0.0,1100.4633333333334,1281.2,Brooklyn,-3.5,30,3.4011973816621555,1.791759469228055,1.0986122886681098,7.0043948777476555
36047,2015,5,1.0,0.25,0.0,0.0,779.0,779.0,Brooklyn,-3.5,31,3.4339872044851463,0.6931471805599453,0.22314355131420976,6.659293919683638
36047,2015,6,34.0,2.125,0.0,0.0,585.8072211779448,723.1470588235294,Brooklyn,-3.5,30,3.4011973816621555,3.5553480614894135,1.1394342831883648,6.374696352222325
36047,2015,7,17.0,4.338235294117647,0.0,0.0,540.2705500381971,682.0588235294117,Brooklyn,-3.5,31,3.4339872044851463,2.8903717578961645,1.674895129088744,6.293919246333952
36047,2015,8,6.0,0.7083333333333334,0.0,0.0,431.25,432.3333333333333,Brooklyn,-3.5,31,3.4339872044851463,1.9459101490553132,0.5355182363563622,6.0690041245634
36047,2015,9,10.0,2.525,0.0,0.0,527.1484415584416,676.8,Brooklyn,-3.5,30,3.4011973816621555,2.3978952727983707,1.259880436264232,6.26937738350924
36047,2015,10,2.0,1.125,0.0,0.0,678.4166666666666,749.0,Brooklyn,-3.5,31,3.4339872044851463,1.0986122886681098,0.7537718023763802,6.52123458687491
36047,2015,11,2.0,1.0,0.0,0.0,1391.9166666666667,1417.5,Brooklyn,-3.5,30,3.4011973816621555,1.0986122886681098,0.6931471805599453,7.239155149066199
36047,2015,12,3.0,1.25,0.0,0.0,527.9523809523808,1711.3333333333333,Brooklyn,-3.5,31,3.4339872044851463,1.3862943611198906,0.8109302162163288,6.270898410703267
36047,2016,1,13.0,7.846153846153846,0.0,0.0,1232.857595013682,1590.0,Brooklyn,-2.5,31,3.4339872044851463,2.6390573296152584,2.1799827709017134,7.117900796682677
36047,2016,2,7.0,6.75,0.0,0.0,547.8573102394295,816.1428571428571,Brooklyn,-2.5,29,3.367295829986474,2.0794415416798357,2.0476928433652555,6.307838499238266
36047,2016,3,7.0,0.7857142857142857,0.0,0.0,337.2333333333333,345.85714285714283,Brooklyn,-2.5,31,3.4339872044851463,2.0794415416798357,0.5798184952529422,5.823735992616927
36047,2016,4,5.0,1.8,0.0,0.0,1076.2091228070176,1145.0,Brooklyn,-2.5,30,3.4011973816621555,1.791759469228055,1.0296194171811583,6.982128829901784
36047,2016,5,9.0,2.4444444444444446,0.0,0.0,1656.0279835390947,1721.5555555555557,Brooklyn,-2.5,31,3.4339872044851463,2.302585092994046,1.236762627148927,7.4127809053582485
36047,2016,6,10.0,1.125,0.0,0.0,694.6268939393939,751.3,Brooklyn,-2.5,30,3.4011973816621555,2.3978952727983707,0.7537718023763802,6.544813444670335
36047,2016,7,12.0,3.875,0.0,0.0,579.8710437710438,753.25,Brooklyn,-2.5,31,3.4339872044851463,2.5649493574615367,1.5841201044498106,6.364528776572469
36047,2016,8,8.0,2.34375,0.0,0.0,292.1110119047619,337.5,Brooklyn,-2.5,31,3.4339872044851463,2.1972245773362196,1.2070929316621797,5.680551417481111
36047,2016,9,21.0,3.1666666666666665,0.0,0.0,766.0091465330094,839.952380952381,Brooklyn,-2.5,30,3.4011973816621555,3.091042453358316,1.4271163556401456,6.642498726371785
36047,2016,10,4.0,3.5625,0.0,0.0,682.4635416666666,768.25,Brooklyn,-2.5,31,3.4339872044851463,1.6094379124341003,1.5178707189086098,6.527173314092719
36047,2016,11,2.0,2.0,0.0,0.0,298.5,300.5,Brooklyn,-2.5,30,3.4011973816621555,1.0986122886681098,1.0986122886681098,5.702114417555504
36047,2016,12,8.0,4.53125,0.0,0.0,642.3677617521367,727.875,Brooklyn,-2.5,31,3.4339872044851463,2.1972245773362196,1.7104138297741025,6.466716507475805
36047,2017,1,15.0,7.133333333333334,0.0,0.0,356.62102238168904,482.4,Brooklyn,-1.5,31,3.4339872044851463,2.772588722239781,2.0959708436310467,5.879473828992277
36047,2017,2,5.0,24.85,0.0,0.0,395.88510338357025,653.4,Brooklyn,-1.5,28,3.332204510175204,1.791759469228055,3.2523106009544382,5.983646826667353
36047,2017,3,18.0,5.777777777777778,0.0,0.0,271.5574550395477,302.8888888888889,Brooklyn,-1.5,31,3.4339872044851463,2.9444389791664403,1.9136492868370918,5.607849436060614
36047,2017,4,7.0,2.0714285714285716,0.0,0.0,324.3858818889875,362.0,Brooklyn,-1.5,30,3.4011973816621555,2.0794415416798357,1.122142786078304,5.785011806901434
36047,2017,5,6.0,3.0833333333333335,0.0,0.0,230.7545948203843,239.5,Brooklyn,-1.5,31,3.4339872044851463,1.9459101490553132,1.4069136483226263,5.445679030874595
36047,2017,6,9.0,4.888888888888889,0.0,0.0,499.2872869097134,729.8888888888889,Brooklyn,-1.5,30,3.4011973816621555,2.302585092994046,1.7730673362159026,6.215182507237283
36047,2017,7,5.0,1.5,0.0,0.0,413.70476190476194,429.4,Brooklyn,-1.5,31,3.4339872044851463,1.791759469228055,0.9162907318741551,6.0275668499565125
36047,2017,8,5.0,1.3,0.0,0.0,341.58909090909094,348.8,Brooklyn,-1.5,31,3.4339872044851463,1.791759469228055,0.832909122935104,5.836531743319685
36047,2017,9,1.0,1.5,0.0,0.0,324.0,324.0,Brooklyn,-1.5,30,3.4011973816621555,0.6931471805599453,0.9162907318741551,5.783825182329737
36047,2017,10,7.0,2.4642857142857144,0.0,0.0,393.9179138321996,402.42857142857144,Brooklyn,-1.5,31,3.4339872044851463,2.0794415416798357,1.242506468328179,5.978677930221952
36047,2017,11,2.0,1.0,0.0,0.0,1718.1666666666667,2061.0,Brooklyn,-1.5,30,3.4011973816621555,1.0986122886681098,0.6931471805599453,7.449594956277298
36047,2017,12,12.0,6.541666666666667,0.0,0.0,395.0529227459783,541.75,Brooklyn,-1.5,31,3.4339872044851463,2.5649493574615367,2.0204432009178803,5.981547845622936
36047,2018,1,26.0,3.3846153846153846,0.0,0.0,336.57876403596833,367.0769230769231,Brooklyn,-0.5,31,3.4339872044851463,3.295836866004329,1.4781019103730133,5.821798858006281
36047,2018,2,5.0,3.8,0.0,0.0,417.81693693693694,449.0,Brooklyn,-0.5,28,3.332204510175204,1.791759469228055,1.5686159179138452,6.037433919766363
36047,2018,3,16.0,7.828125,4.0,0.25,518.9116264945069,624.6875,Brooklyn,-0.5,31,3.4339872044851463,2.833213344056216,2.177942647786769,6.253658848083472
36047,2018,4,4.0,2.3125,0.0,0.0,311.23035714285714,422.75,Brooklyn,-0.5,30,3.4011973816621555,1.6094379124341003,1.1977031913123406,5.743741239558097
36047,2018,5,6.0,0.8333333333333334,2.0,0.3333333333333333,824.6666666666666,904.1666666666666,Brooklyn,-0.5,31,3.4339872044851463,1.9459101490553132,0.6061358035703156,6.71619114082125
36047,2018,6,15.0,2.2333333333333334,0.0,0.0,704.9458719058719,810.8,Brooklyn,-0.5,30,3.4011973816621555,2.772588722239781,1.1735135968412274,6.5595385658654815
36047,2018,7,10.0,2.375,1.0,0.1,889.1585714285715,1047.0,Brooklyn,-0.5,31,3.4339872044851463,2.3978952727983707,1.2163953243244932,6.791399617000232
36047,2018,8,15.0,6.216666666666667,0.0,0.0,424.0547573069632,507.26666666666665,Brooklyn,-0.5,31,3.4339872044851463,2.772588722239781,1.9763931657803893,6.0522180013474305
36047,2018,9,2.0,4.875,0.0,0.0,307.17532467532465,439.0,Brooklyn,-0.5,30,3.4011973816621555,1.0986122886681098,1.7707060600302227,5.730668856979089
36047,2018,10,2.0,1.25,0.0,0.0,391.9583333333333,393.5,Brooklyn,-0.5,31,3.4339872044851463,1.0986122886681098,0.8109302162163288,5.973703584195939
36047,2018,11,4.0,2.8125,0.0,0.0,283.2505804953561,298.75,Brooklyn,-0.5,30,3.4011973816621555,1.6094379124341003,1.33828514193353,5.649856174828582
36047,2018,12,2.0,1.375,0.0,0.0,846.1666666666666,852.5,Brooklyn,-0.5,31,3.4339872044851463,1.0986122886681098,0.8649974374866045,6.741897448218848
36047,2019,1,13.0,3.326923076923077,0.0,0.0,364.86175472227757,396.46153846153845,Brooklyn,0.5,31,3.4339872044851463,2.6390573296152584,1.4648566836229928,5.902255542709409
36047,2019,2,24.0,4.697916666666667,0.0,0.0,467.80392404926874,579.4583333333334,Brooklyn,0.5,28,3.332204510175204,3.2188758248682006,1.740100610954145,6.150184608640034
36047,2019,3,6.0,14.791666666666666,0.0,0.0,961.7704491725768,1087.6666666666667,Brooklyn,0.5,31,3.4339872044851463,1.9459101490553132,2.7594823747344805,6.8698150128460505
36047,2019,4,4.0,1.375,0.0,0.0,380.41875,503.75,Brooklyn,0.5,30,3.4011973816621555,1.6094379124341003,0.8649974374866045,5.943897852943799
36047,2019,5,5.0,1.3,0.0,0.0,221.1333333333333,223.2,Brooklyn,0.5,31,3.4339872044851463,1.791759469228055,0.832909122935104,5.403277802184523
36047,2019,6,12.0,4.625,0.0,0.0,418.38201688281544,464.9166666666667,Brooklyn,0.5,30,3.4011973816621555,2.5649493574615367,1.7272209480904839,6.038782239348274
36047,2019,7,20.0,7.0125,1.0,0.05,1329.931089436807,2881.4,Brooklyn,0.5,31,3.4339872044851463,3.044522437723423,2.0810028222467882,7.193634043528751
36047,2019,8,8.0,2.375,0.0,0.0,807.5089743589743,872.625,Brooklyn,0.5,31,3.4339872044851463,2.1972245773362196,1.2163953243244932,6.695191778966657
36047,2019,9,1.0,0.5,0.0,0.0,207.5,209.0,Brooklyn,0.5,30,3.4011973816621555,0.6931471805599453,0.4054651081081644,5.339939041238856
36047,2019,10,4.0,2.0,0.0,0.0,358.48376623376623,466.25,Brooklyn,0.5,31,3.4339872044851463,1.6094379124341003,1.0986122886681098,5.884669019629043
36047,2019,11,8.0,3.78125,2.0,0.25,382.771626984127,391.875,Brooklyn,0.5,30,3.4011973816621555,2.1972245773362196,1.564702018592709,5.950047654275307
36047,2019,12,17.0,5.720588235294118,0.0,0.0,578.2394716338304,671.5294117647059,Brooklyn,0.5,31,3.4339872044851463,2.8903717578961645,1.905175685718098,6.361715987288572
36047,2020,1,10.0,1.525,0.0,0.0,316.12619047619046,339.4,Brooklyn,1.5,31,3.4339872044851463,2.3978952727983707,0.9262410627273231,5.759299771877526
36047,2020,2,4.0,2.75,1.0,0.25,363.2142857142857,548.0,Brooklyn,1.5,29,3.367295829986474,1.6094379124341003,1.3217558399823195,5.897742391439897
36047,2020,3,5.0,4.3,0.0,0.0,660.2383597883597,904.4,Brooklyn,1.5,31,3.4339872044851463,1.791759469228055,1.667706820558076,6.494114379672933
36047,2020,4,0.0,,0.0,0.0,,,Brooklyn,1.5,30,3.4011973816621555,0.0,,
36047,2020,5,3.0,1.75,0.0,0.0,476.8142857142857,492.3333333333333,Brooklyn,1.5,31,3.4339872044851463,1.3862943611198906,1.0116009116784799,6.169222133386322
36047,2020,6,4.0,7.875,0.0,0.0,548.1391141141141,989.5,Brooklyn,1.5,30,3.4011973816621555,1.6094379124341003,2.1832383353614797,6.308351804882295
36047,2020,7,24.0,6.010416666666667,0.0,0.0,425.4371334778297,584.2916666666666,Brooklyn,1.5,31,3.4339872044851463,3.2188758248682006,1.9473971381768915,6.055464955077292
36047,2020,8,11.0,38.86363636363637,1.0,0.09090909090909091,703.5390159553261,4433.272727272727,Brooklyn,1.5,31,3.4339872044851463,2.4849066497880004,3.6854645390138674,6.557543710863211
36047,2020,9,4.0,1.0,0.0,0.0,664.25,665.75,Brooklyn,1.5,30,3.4011973816621555,1.6094379124341003,0.6931471805599453,6.500162909857798
36047,2020,10,7.0,1.8928571428571428,1.0,0.14285714285714285,452.97755102040816,470.42857142857144,Brooklyn,1.5,31,3.4339872044851463,2.0794415416798357,1.0622446444972349,6.118047749727189
36047,2020,11,8.0,1.25,0.0,0.0,668.9932765151515,849.75,Brooklyn,1.5,30,3.4011973816621555,2.1972245773362196,0.8109302162163288,6.507267677282647
36047,2020,12,9.0,18.583333333333332,0.0,0.0,475.31620724897067,657.1111111111111,Brooklyn,1.5,31,3.4339872044851463,2.302585092994046,2.9746788643561586,6.166081934624433
36047,2021,1,6.0,2.125,0.0,0.0,272.9527777777778,293.3333333333333,Brooklyn,2.5,31,3.4339872044851463,1.9459101490553132,1.1394342831883648,5.612955747658434
36047,2021,2,30.0,11.916666666666666,0.0,0.0,362.9649884502836,477.06666666666666,Brooklyn,2.5,28,3.332204510175204,3.4339872044851463,2.5585184671312464,5.897057677434468
36047,2021,3,6.0,1.7083333333333333,0.0,0.0,366.871164021164,386.5,Brooklyn,2.5,31,3.4339872044851463,1.9459101490553132,0.9963334395476915,5.907732779101824
36047,2021,4,6.0,1.25,0.0,0.0,979.9523809523811,1047.6666666666667,Brooklyn,2.5,30,3.4011973816621555,1.9459101490553132,0.8109302162163288,6.88852391705425
36047,2021,5,6.0,3.9583333333333335,0.0,0.0,326.9745791245791,353.3333333333333,Brooklyn,2.5,31,3.4339872044851463,1.9459101490553132,1.6010696627635839,5.792936102711691
36047,2021,6,17.0,5.588235294117647,0.0,0.0,543.5197071847158,717.4117647058823,Brooklyn,2.5,30,3.4011973816621555,2.8903717578961645,1.8852855272388784,6.299904134894763
36047,2021,7,12.0,2.8125,0.0,0.0,649.2436814411079,722.0833333333334,Brooklyn,2.5,31,3.4339872044851463,2.5649493574615367,1.33828514193353,6.47734718715907
36047,2021,8,20.0,4.525,0.0,0.0,330.67844580225227,380.15,Brooklyn,2.5,31,3.4339872044851463,3.044522437723423,1.7092832474038167,5.804165962841506
36047,2021,9,10.0,6.25,0.0,0.0,399.7354186456412,497.0,Brooklyn,2.5,30,3.4011973816621555,2.3978952727983707,1.9810014688665833,5.993301405663991
36047,2021,10,6.0,1.7916666666666667,0.0,0.0,514.3562499999999,535.6666666666666,Brooklyn,2.5,31,3.4339872044851463,1.9459101490553132,1.0266387890430204,6.244858409089479
36047,2021,11,6.0,1.625,0.0,0.0,1038.486111111111,1049.5,Brooklyn,2.5,30,3.4011973816621555,1.9459101490553132,0.965080896043587,6.946481746084335
36047,2021,12,1.0,0.75,0.0,0.0,416.0,510.0,Brooklyn,2.5,31,3.4339872044851463,0.6931471805599453,0.5596157879354227,6.0330862217988015
36047,2022,1,27.0,5.018518518518518,0.0,0.0,322.02218592832975,413.962962962963,Brooklyn,3.5,31,3.4339872044851463,3.332204510175204,1.794841135765463,5.777721007948419
36047,2022,2,27.0,7.342592592592593,1.0,0.037037037037037035,265.67710038897894,314.48148148148147,Brooklyn,3.5,28,3.332204510175204,3.332204510175204,2.121374030484118,5.586038564693069
36047,2022,3,12.0,1.2083333333333333,0.0,0.0,281.0472222222222,291.75,Brooklyn,3.5,31,3.4339872044851463,2.5649493574615367,0.7922380832041762,5.642074511607873
36047,2022,4,11.0,1.3181818181818181,2.0,0.18181818181818182,378.8618260527351,469.09090909090907,Brooklyn,3.5,30,3.4011973816621555,2.4849066497880004,0.8407831793660099,5.939807570945534
36047,2022,5,8.0,5.375,0.0,0.0,505.52359271523176,542.125,Brooklyn,3.5,31,3.4339872044851463,2.1972245773362196,1.8523840910444898,6.227570902495798
36047,2022,6,23.0,1.1195652173913044,0.0,0.0,385.538768115942,474.3478260869565,Brooklyn,3.5,30,3.4011973816621555,3.1780538303479458,0.7512109815147066,5.9572321686011955
36047,2022,7,33.0,2.712121212121212,0.0,0.0,315.63367999802267,378.09090909090907,Brooklyn,3.5,31,3.4339872044851463,3.5263605246161616,1.3116034685183013,5.7577455220732725
36047,2022,8,11.0,3.340909090909091,0.0,0.0,540.1566405074426,593.6363636363636,Brooklyn,3.5,31,3.4339872044851463,2.4849066497880004,1.4680837941283686,6.293708775768966
36047,2022,9,11.0,1.0454545454545454,0.0,0.0,298.6545454545454,341.6363636363636,Brooklyn,3.5,30,3.4011973816621555,2.4849066497880004,0.7156200364120039,5.702630296001709
36047,2022,10,6.0,1.1666666666666667,0.0,0.0,280.2548076923077,283.5,Brooklyn,3.5,31,3.4339872044851463,1.9459101490553132,0.7731898882334818,5.639261047389623
36047,2022,11,8.0,1.625,0.0,0.0,318.07320146958307,322.0,Brooklyn,3.5,30,3.4011973816621555,2.1972245773362196,0.965080896043587,5.765420548151726
36047,2022,12,13.0,1.3846153846153846,1.0,0.07692307692307693,700.3839461820231,843.7692307692307,Brooklyn,3.5,31,3.4339872044851463,2.6390573296152584,0.8690378470236095,6.553055449194955
36047,2023,1,3.0,1.5833333333333333,0.0,0.0,286.95959595959596,302.6666666666667,Brooklyn,4.5,31,3.4339872044851463,1.3862943611198906,0.9490805546971459,5.662820178487172
36047,2023,2,1.0,26.0,0.0,0.0,405.74038461538464,647.0,Brooklyn,4.5,28,3.332204510175204,0.6931471805599453,3.295836866004329,6.008175106275499
36047,2023,3,3.0,5.75,0.0,0.0,253.35195360195362,273.0,Brooklyn,4.5,31,3.4339872044851463,1.3862943611198906,1.9095425048844386,5.538718952001823
36047,2023,4,1.0,1.5,0.0,0.0,479.3333333333333,544.0,Brooklyn,4.5,30,3.4011973816621555,0.6931471805599453,0.9162907318741551,6.174480307331413
36047,2023,5,8.0,1.84375,0.0,0.0,285.9466911764706,302.125,Brooklyn,4.5,31,3.4339872044851463,2.1972245773362196,1.0451236037171234,5.6592964534771575
36047,2023,6,1.0,1.75,0.0,0.0,1466.2857142857142,1467.0,Brooklyn,4.5,30,3.4011973816621555,0.6931471805599453,1.0116009116784799,7.291169520110491
36047,2023,7,15.0,1.1333333333333333,0.0,0.0,308.23174603174607,364.26666666666665,Brooklyn,4.5,31,3.4339872044851463,2.772588722239781,0.7576857016975165,5.73409098295567
36047,2023,8,1.0,1.25,0.0,0.0,318.4,345.0,Brooklyn,4.5,31,3.4339872044851463,0.6931471805599453,0.8109302162163288,5.766444235780912
36047,2023,9,12.0,7.958333333333333,0.0,0.0,332.8253928170595,482.0,Brooklyn,4.5,30,3.4011973816621555,2.5649493574615367,2.192584197779717,5.810618080284859
36047,2023,10,5.0,3.7,0.0,0.0,295.28517213336943,323.6,Brooklyn,4.5,31,3.4339872044851463,1.791759469228055,1.547562508716013,5.691322409902971
36047,2023,11,5.0,1.8,0.0,0.0,389.6934173669468,442.8,Brooklyn,4.5,30,3.4011973816621555,1.791759469228055,1.0296194171811583,5.9679231536133495
36047,2023,12,4.0,3.0,0.0,0.0,482.6237745098039,655.25,Brooklyn,4.5,31,3.4339872044851463,1.6094379124341003,1.3862943611198906,6.181307279049627
36061,2014,1,0.0,,0.0,0.0,,,Manhattan,-4.5,31,3.4339872044851463,0.0,,
36061,2014,2,0.0,,0.0,0.0,,,Manhattan,-4.5,28,3.332204510175204,0.0,,
36061,2014,3,0.0,,0.0,0.0,,,Manhattan,-4.5,31,3.4339872044851463,0.0,,
36061,2014,4,0.0,,0.0,0.0,,,Manhattan,-4.5,30,3.4011973816621555,0.0,,
36061,2014,5,0.0,,0.0,0.0,,,Manhattan,-4.5,31,3.4339872044851463,0.0,,
36061,2014,6,0.0,,0.0,0.0,,,Manhattan,-4.5,30,3.4011973816621555,0.0,,
36061,2014,7,0.0,,0.0,0.0,,,Manhattan,-4.5,31,3.4339872044851463,0.0,,
36061,2014,8,0.0,,0.0,0.0,,,Manhattan,-4.5,31,3.4339872044851463,0.0,,
36061,2014,9,0.0,,0.0,0.0,,,Manhattan,-4.5,30,3.4011973816621555,0.0,,
36061,2014,10,0.0,,0.0,0.0,,,Manhattan,-4.5,31,3.4339872044851463,0.0,,
36061,2014,11,0.0,,0.0,0.0,,,Manhattan,-4.5,30,3.4011973816621555,0.0,,
36061,2014,12,0.0,,0.0,0.0,,,Manhattan,-4.5,31,3.4339872044851463,0.0,,
36061,2015,1,9.0,4.138888888888889,0.0,0.0,256.5559983589395,294.8888888888889,Manhattan,-3.5,31,3.4339872044851463,2.302585092994046,1.636836886622215,5.551237165815864
36061,2015,2,17.0,6.911764705882353,0.0,0.0,293.38376046340767,359.3529411764706,Manhattan,-3.5,28,3.332204510175204,2.8903717578961645,2.068350854985678,5.684884223863868
36061,2015,3,16.0,4.859375,0.0,0.0,261.17626102900687,311.75,Manhattan,-3.5,31,3.4339872044851463,2.833213344056216,1.768042942610739,5.569017029584011
36061,2015,4,0.0,,0.0,0.0,,,Manhattan,-3.5,30,3.4011973816621555,0.0,,
36061,2015,5,1.0,5.75,0.0,0.0,329.17391304347825,330.0,Manhattan,-3.5,31,3.4339872044851463,0.6931471805599453,1.9095425048844386,5.799619524862598
36061,2015,6,10.0,1.4,0.0,0.0,584.913842364532,585.5,Manhattan,-3.5,30,3.4011973816621555,2.3978952727983707,0.8754687373538999,6.3731727520858446
36061,2015,7,9.0,4.555555555555555,0.0,0.0,413.5106586224233,449.77777777777777,Manhattan,-3.5,31,3.4339872044851463,2.302585092994046,1.7147984280919266,6.027098688653481
36061,2015,8,2.0,3.0,0.0,0.0,518.21875,533.0,Manhattan,-3.5,31,3.4339872044851463,1.0986122886681098,1.3862943611198906,6.252325277988968
36061,2015,9,5.0,2.0,0.0,0.0,338.64473684210526,342.8,Manhattan,-3.5,30,3.4011973816621555,1.791759469228055,1.0986122886681098,5.827900179689501
36061,2015,10,1.0,13.0,0.0,0.0,260.8076923076923,798.0,Manhattan,-3.5,31,3.4339872044851463,0.6931471805599453,2.6390573296152584,5.56761023542647
36061,2015,11,0.0,,0.0,0.0,,,Manhattan,-3.5,30,3.4011973816621555,0.0,,
36061,2015,12,1.0,4.25,0.0,0.0,220.76470588235293,222.0,Manhattan,-3.5,31,3.4339872044851463,0.6931471805599453,1.6582280766035324,5.401616936385841
36061,2016,1,7.0,3.75,0.0,0.0,356.4354308390023,402.57142857142856,Manhattan,-2.5,31,3.4339872044851463,2.0794415416798357,1.55814461804655,5.878954732783808
36061,2016,2,4.0,3.3125,0.0,0.0,293.14747983870967,308.75,Manhattan,-2.5,29,3.367295829986474,1.6094379124341003,1.461517782357478,5.684081273667813
36061,2016,3,0.0,,0.0,0.0,,,Manhattan,-2.5,31,3.4339872044851463,0.0,,
36061,2016,4,2.0,6.5,0.0,0.0,285.1923076923077,296.5,Manhattan,-2.5,30,3.4011973816621555,1.0986122886681098,2.0149030205422647,5.6566639893757795
36061,2016,5,2.0,5.75,0.0,0.0,216.53186274509804,226.0,Manhattan,-2.5,31,3.4339872044851463,1.0986122886681098,1.9095425048844386,5.3823453351790995
36061,2016,6,1.0,5.5,0.0,0.0,220.45454545454547,221.0,Manhattan,-2.5,30,3.4011973816621555,0.6931471805599453,1.8718021769015913,5.400217356031417
36061,2016,7,3.0,8.75,0.0,0.0,722.4287626697266,799.0,Manhattan,-2.5,31,3.4339872044851463,1.3862943611198906,2.277267285009756,6.584002079122551
36061,2016,8,6.0,4.625,0.0,0.0,508.68817878028403,593.5,Manhattan,-2.5,31,3.4339872044851463,1.9459101490553132,1.7272209480904839,6.233799124572208
36061,2016,9,2.0,8.25,0.0,0.0,217.84848484848484,220.0,Manhattan,-2.5,30,3.4011973816621555,1.0986122886681098,2.224623551524334,5.388379640370923
36061,2016,10,1.0,1.75,0.0,0.0,494.0,494.0,Manhattan,-2.5,31,3.4339872044851463,0.6931471805599453,1.0116009116784799,6.20455776256869
36061,2016,11,0.0,,0.0,0.0,,,Manhattan,-2.5,30,3.4011973816621555,0.0,,
36061,2016,12,2.0,2.75,0.0,0.0,224.70535714285714,244.0,Manhattan,-2.5,31,3.4339872044851463,1.0986122886681098,1.3217558399823195,5.419230419221277
36061,2017,1,3.0,1.8333333333333333,0.0,0.0,223.53333333333333,229.0,Manhattan,-1.5,31,3.4339872044851463,1.3862943611198906,1.041453874828161,5.414024174260008
36061,2017,2,7.0,3.75,0.0,0.0,242.84073601987123,323.57142857142856,Manhattan,-1.5,28,3.332204510175204,2.0794415416798357,1.55814461804655,5.496515290947922
36061,2017,3,14.0,2.732142857142857,0.0,0.0,229.89985964635335,246.57142857142858,Manhattan,-1.5,31,3.4339872044851463,2.70805020110221,1.3169825612296617,5.44198410850558
36061,2017,4,2.0,2.875,0.0,0.0,280.5,280.5,Manhattan,-1.5,30,3.4011973816621555,1.0986122886681098,1.3545456628053103,5.640132447579745
36061,2017,5,0.0,,0.0,0.0,,,Manhattan,-1.5,31,3.4339872044851463,0.0,,
36061,2017,6,1.0,12.5,0.0,0.0,345.14,674.0,Manhattan,-1.5,30,3.4011973816621555,0.6931471805599453,2.6026896854443837,5.846843317496853
36061,2017,7,1.0,13.5,0.0,0.0,664.9444444444445,701.0,Manhattan,-1.5,31,3.4339872044851463,0.6931471805599453,2.6741486494265287,6.501206250310935
36061,2017,8,1.0,8.5,0.0,0.0,247.47058823529412,249.0,Manhattan,-1.5,31,3.4339872044851463,0.6931471805599453,2.2512917986064953,5.515324481329881
36061,2017,9,0.0,,0.0,0.0,,,Manhattan,-1.5,30,3.4011973816621555,0.0,,
36061,2017,10,0.0,,0.0,0.0,,,Manhattan,-1.5,31,3.4339872044851463,0.0,,
36061,2017,11,0.0,,0.0,0.0,,,Manhattan,-1.5,30,3.4011973816621555,0.0,,
36061,2017,12,0.0,,0.0,0.0,,,Manhattan,-1.5,31,3.4339872044851463,0.0,,
36061,2018,1,0.0,,0.0,0.0,,,Manhattan,-0.5,31,3.4339872044851463,0.0,,
36061,2018,2,0.0,,0.0,0.0,,,Manhattan,-0.5,28,3.332204510175204,0.0,,
36061,2018,3,0.0,,0.0,0.0,,,Manhattan,-0.5,31,3.4339872044851463,0.0,,
36061,2018,4,0.0,,0.0,0.0,,,Manhattan,-0.5,30,3.4011973816621555,0.0,,
36061,2018,5,0.0,,0.0,0.0,,,Manhattan,-0.5,31,3.4339872044851463,0.0,,
36061,2018,6,0.0,,0.0,0.0,,,Manhattan,-0.5,30,3.4011973816621555,0.0,,
36061,2018,7,0.0,,0.0,0.0,,,Manhattan,-0.5,31,3.4339872044851463,0.0,,
36061,2018,8,0.0,,0.0,0.0,,,Manhattan,-0.5,31,3.4339872044851463,0.0,,
36061,2018,9,0.0,,0.0,0.0,,,Manhattan,-0.5,30,3.4011973816621555,0.0,,
36061,2018,10,0.0,,0.0,0.0,,,Manhattan,-0.5,31,3.4339872044851463,0.0,,
36061,2018,11,0.0,,0.0,0.0,,,Manhattan,-0.5,30,3.4011973816621555,0.0,,
36061,2018,12,0.0,,0.0,0.0,,,Manhattan,-0.5,31,3.4339872044851463,0.0,,
36061,2019,1,0.0,,0.0,0.0,,,Manhattan,0.5,31,3.4339872044851463,0.0,,
36061,2019,2,0.0,,0.0,0.0,,,Manhattan,0.5,28,3.332204510175204,0.0,,
36061,2019,3,0.0,,0.0,0.0,,,Manhattan,0.5,31,3.4339872044851463,0.0,,
36061,2019,4,0.0,,0.0,0.0,,,Manhattan,0.5,30,3.4011973816621555,0.0,,
36061,2019,5,0.0,,0.0,0.0,,,Manhattan,0.5,31,3.4339872044851463,0.0,,
36061,2019,6,0.0,,0.0,0.0,,,Manhattan,0.5,30,3.4011973816621555,0.0,,
36061,2019,7,0.0,,0.0,0.0,,,Manhattan,0.5,31,3.4339872044851463,0.0,,
36061,2019,8,0.0,,0.0,0.0,,,Manhattan,0.5,31,3.4339872044851463,0.0,,
36061,2019,9,0.0,,0.0,0.0,,,Manhattan,0.5,30,3.4011973816621555,0.0,,
36061,2019,10,3.0,4.916666666666667,0.0,0.0,236.09717868338558,247.33333333333334,Manhattan,0.5,31,3.4339872044851463,1.3862943611198906,1.777773227253315,5.468470093731839
36061,2019,11,0.0,,0.0,0.0,,,Manhattan,0.5,30,3.4011973816621555,0.0,,
36061,2019,12,0.0,,0.0,0.0,,,Manhattan,0.5,31,3.4339872044851463,0.0,,
36061,2020,1,0.0,,0.0,0.0,,,Manhattan,1.5,31,3.4339872044851463,0.0,,
36061,2020,2,1.0,4.0,0.0,0.0,527.25,528.0,Manhattan,1.5,29,3.367295829986474,0.6931471805599453,1.6094379124341003,6.2695696564961665
36061,2020,3,0.0,,0.0,0.0,,,Manhattan,1.5,31,3.4339872044851463,0.0,,
36061,2020,4,2.0,1.125,0.0,0.0,232.55,237.5,Manhattan,1.5,30,3.4011973816621555,1.0986122886681098,0.7537718023763802,5.453396186948117
36061,2020,5,1.0,8.0,0.0,0.0,421.84375,612.0,Manhattan,1.5,31,3.4339872044851463,0.6931471805599453,2.1972245773362196,6.047002725463917
36061,2020,6,2.0,7.125,0.0,0.0,291.02272727272725,378.0,Manhattan,1.5,30,3.4011973816621555,1.0986122886681098,2.094945728215801,5.67683163236522
36061,2020,7,0.0,,0.0,0.0,,,Manhattan,1.5,31,3.4339872044851463,0.0,,
36061,2020,8,10.0,5.6,6.0,0.6,13832.277855477854,96347.1,Manhattan,1.5,31,3.4339872044851463,2.3978952727983707,1.8870696490323797,9.534832407095253
36061,2020,9,0.0,,0.0,0.0,,,Manhattan,1.5,30,3.4011973816621555,0.0,,
36061,2020,10,0.0,,0.0,0.0,,,Manhattan,1.5,31,3.4339872044851463,0.0,,
36061,2020,11,0.0,,0.0,0.0,,,Manhattan,1.5,30,3.4011973816621555,0.0,,
36061,2020,12,5.0,3.45,0.0,0.0,229.95142857142855,244.0,Manhattan,1.5,31,3.4339872044851463,1.791759469228055,1.4929040961781488,5.442207422488263
36061,2021,1,0.0,,0.0,0.0,,,Manhattan,2.5,31,3.4339872044851463,0.0,,
36061,2021,2,14.0,8.660714285714286,0.0,0.0,346.28462839990937,418.7142857142857,Manhattan,2.5,28,3.332204510175204,2.70805020110221,2.2680675881113324,5.850144698476558
36061,2021,3,1.0,8.25,0.0,0.0,857.6060606060606,1230.0,Manhattan,2.5,31,3.4339872044851463,0.6931471805599453,2.224623551524334,6.755310214472816
36061,2021,4,1.0,5.5,0.0,0.0,366.3181818181818,423.0,Manhattan,2.5,30,3.4011973816621555,0.6931471805599453,1.8718021769015913,5.906228452875132
36061,2021,5,0.0,,0.0,0.0,,,Manhattan,2.5,31,3.4339872044851463,0.0,,
36061,2021,6,10.0,2.9,0.0,0.0,245.05,256.7,Manhattan,2.5,30,3.4011973816621555,2.3978952727983707,1.3609765531356006,5.505534767311987
36061,2021,7,5.0,2.6,0.0,0.0,844.9131578947369,998.4,Manhattan,2.5,31,3.4339872044851463,1.791759469228055,1.2809338454620642,6.740416704094699
36061,2021,8,3.0,0.5833333333333334,0.0,0.0,327.8888888888889,329.3333333333333,Manhattan,2.5,31,3.4339872044851463,1.3862943611198906,0.4595323293784402,5.795719969981887
36061,2021,9,3.0,5.666666666666667,0.0,0.0,398.38357843137254,538.6666666666666,Manhattan,2.5,30,3.4011973816621555,1.3862943611198906,1.8971199848858813,5.989922304541484
36061,2021,10,0.0,,0.0,0.0,,,Manhattan,2.5,31,3.4339872044851463,0.0,,
36061,2021,11,0.0,,0.0,0.0,,,Manhattan,2.5,30,3.4011973816621555,0.0,,
36061,2021,12,5.0,3.75,0.0,0.0,315.47234893957585,337.2,Manhattan,2.5,31,3.4339872044851463,1.791759469228055,1.55814461804655,5.757235872647853
36061,2022,1,9.0,2.5277777777777777,0.0,0.0,293.78162503588857,308.0,Manhattan,3.5,31,3.4339872044851463,2.302585092994046,1.2606681480024813,5.686234828100821
36061,2022,2,6.0,1.625,0.0,0.0,397.33816425120773,405.5,Manhattan,3.5,28,3.332204510175204,1.9459101490553132,0.965080896043587,5.987301303451259
36061,2022,3,3.0,0.8333333333333334,0.0,0.0,329.3333333333333,335.6666666666667,Manhattan,3.5,31,3.4339872044851463,1.3862943611198906,0.6061358035703156,5.800102245661878
36061,2022,4,4.0,0.6875,2.0,0.5,1778.53125,1778.75,Manhattan,3.5,30,3.4011973816621555,1.6094379124341003,0.5232481437645479,7.484105265908725
36061,2022,5,4.0,0.875,0.0,0.0,243.27272727272725,251.5,Manhattan,3.5,31,3.4339872044851463,1.6094379124341003,0.6286086594223741,5.498285335817121
36061,2022,6,0.0,,0.0,0.0,,,Manhattan,3.5,30,3.4011973816621555,0.0,,
36061,2022,7,7.0,5.678571428571429,0.0,0.0,440.6483601831274,490.42857142857144,Manhattan,3.5,31,3.4339872044851463,2.0794415416798357,1.8989041066793828,6.090514000251218
36061,2022,8,2.0,2.875,0.0,0.0,244.0,244.0,Manhattan,3.5,31,3.4339872044851463,1.0986122886681098,1.3545456628053103,5.501258210544727
36061,2022,9,8.0,1.8125,0.0,0.0,289.9246031746032,302.25,Manhattan,3.5,30,3.4011973816621555,2.1972245773362196,1.0340737675305385,5.673064137980504
36061,2022,10,0.0,,0.0,0.0,,,Manhattan,3.5,31,3.4339872044851463,0.0,,
36061,2022,11,0.0,,0.0,0.0,,,Manhattan,3.5,30,3.4011973816621555,0.0,,
36061,2022,12,1.0,6.0,0.0,0.0,468.7916666666667,495.0,Manhattan,3.5,31,3.4339872044851463,0.6931471805599453,1.9459101490553132,6.152289334022933
36061,2023,1,1.0,1.75,0.0,0.0,286.7142857142857,338.0,Manhattan,4.5,31,3.4339872044851463,0.6931471805599453,1.0116009116784799,5.661967924223195
36061,2023,2,0.0,,0.0,0.0,,,Manhattan,4.5,28,3.332204510175204,0.0,,
36061,2023,3,4.0,2.0,0.0,0.0,497.0881578947368,511.75,Manhattan,4.5,31,3.4339872044851463,1.6094379124341003,1.0986122886681098,6.210777085242787
36061,2023,4,2.0,5.5,0.0,0.0,250.26470588235293,286.0,Manhattan,4.5,30,3.4011973816621555,1.0986122886681098,1.8718021769015913,5.526506988535457
36061,2023,5,0.0,,0.0,0.0,,,Manhattan,4.5,31,3.4339872044851463,0.0,,
36061,2023,6,0.0,,0.0,0.0,,,Manhattan,4.5,30,3.4011973816621555,0.0,,
36061,2023,7,1.0,8.0,0.0,0.0,322.625,346.0,Manhattan,4.5,31,3.4339872044851463,0.6931471805599453,2.1972245773362196,5.7795854380717016
36061,2023,8,1.0,5.75,0.0,0.0,404.0869565217391,538.0,Manhattan,4.5,31,3.4339872044851463,0.6931471805599453,1.9095425048844386,6.004101751521275
36061,2023,9,4.0,1.0625,0.0,0.0,267.04545454545456,267.25,Manhattan,4.5,30,3.4011973816621555,1.6094379124341003,0.723918839226699,5.591156572642189
36061,2023,10,3.0,1.0833333333333333,0.0,0.0,264.6666666666667,264.6666666666667,Manhattan,4.5,31,3.4339872044851463,1.3862943611198906,0.7339691750802004,5.582242390122105
36061,2023,11,2.0,0.875,0.0,0.0,292.0,292.0,Manhattan,4.5,30,3.4011973816621555,1.0986122886681098,0.6286086594223741,5.680172609017068
36061,2023,12,4.0,3.3125,0.0,0.0,261.59999999999997,271.0,Manhattan,4.5,31,3.4339872044851463,1.6094379124341003,1.461517782357478,5.5706319618686955
36081,2014,1,0.0,,0.0,0.0,,,Queens,-4.5,31,3.4339872044851463,0.0,,
36081,2014,2,0.0,,0.0,0.0,,,Queens,-4.5,28,3.332204510175204,0.0,,
36081,2014,3,0.0,,0.0,0.0,,,Queens,-4.5,31,3.4339872044851463,0.0,,
36081,2014,4,0.0,,0.0,0.0,,,Queens,-4.5,30,3.4011973816621555,0.0,,
36081,2014,5,0.0,,0.0,0.0,,,Queens,-4.5,31,3.4339872044851463,0.0,,
36081,2014,6,0.0,,0.0,0.0,,,Queens,-4.5,30,3.4011973816621555,0.0,,
36081,2014,7,0.0,,0.0,0.0,,,Queens,-4.5,31,3.4339872044851463,0.0,,
36081,2014,8,0.0,,0.0,0.0,,,Queens,-4.5,31,3.4339872044851463,0.0,,
36081,2014,9,0.0,,0.0,0.0,,,Queens,-4.5,30,3.4011973816621555,0.0,,
36081,2014,10,0.0,,0.0,0.0,,,Queens,-4.5,31,3.4339872044851463,0.0,,
36081,2014,11,9.0,2.7222222222222223,0.0,0.0,720.5287561146051,949.2222222222222,Queens,-4.5,30,3.4011973816621555,2.302585092994046,1.3143208614948014,6.5813722334343945
36081,2014,12,5.0,1.55,0.0,0.0,407.04436974789917,413.6,Queens,-4.5,31,3.4339872044851463,1.791759469228055,0.9360933591703348,6.011375917873482
36081,2015,1,16.0,3.875,0.0,0.0,433.2577361115382,653.25,Queens,-3.5,31,3.4339872044851463,2.833213344056216,1.5841201044498106,6.073638219842297
36081,2015,2,27.0,5.546296296296297,0.0,0.0,296.86536705853604,397.8888888888889,Queens,-3.5,28,3.332204510175204,3.332204510175204,1.8788994387723532,5.696641596024104
36081,2015,3,21.0,6.273809523809524,0.0,0.0,365.19464190674,425.9047619047619,Queens,-3.5,31,3.4339872044851463,3.091042453358316,1.9842801603282818,5.903165000529708
36081,2015,4,8.0,2.21875,0.0,0.0,385.67878151260504,528.625,Queens,-3.5,30,3.4011973816621555,2.1972245773362196,1.1689930854299093,5.957594326439596
36081,2015,5,15.0,2.1666666666666665,0.0,0.0,483.750509357972,695.6,Queens,-3.5,31,3.4339872044851463,2.772588722239781,1.1526795099383853,6.183634344886463
36081,2015,6,24.0,2.0416666666666665,0.0,0.0,408.12581512073433,462.9583333333333,Queens,-3.5,30,3.4011973816621555,3.2188758248682006,1.1124056108004454,6.0140227251706815
36081,2015,7,8.0,1.125,0.0,0.0,299.4732142857143,338.5,Queens,-3.5,31,3.4339872044851463,2.1972245773362196,0.7537718023763802,5.705358612849945
36081,2015,8,15.0,1.6833333333333333,0.0,0.0,511.14023809523803,620.8,Queens,-3.5,31,3.4339872044851463,2.772588722239781,0.9870598027623623,6.2385984900648195
36081,2015,9,11.0,1.0909090909090908,0.0,0.0,371.542663476874,380.27272727272725,Queens,-3.5,30,3.4011973816621555,2.4849066497880004,0.7375989431307791,5.9203515640850535
36081,2015,10,12.0,1.0833333333333333,0.0,0.0,601.2689814814815,652.9166666666666,Queens,-3.5,31,3.4339872044851463,2.5649493574615367,0.7339691750802004,6.400704158609738
36081,2015,11,10.0,1.025,0.0,0.0,747.7,791.2,Queens,-3.5,30,3.4011973816621555,2.3978952727983707,0.7055697005585024,6.61833836923664
36081,2015,12,5.0,1.95,0.0,0.0,431.8759259259259,560.4,Queens,-3.5,31,3.4339872044851463,1.791759469228055,1.0818051703517284,6.070451141734854
36081,2016,1,18.0,2.6805555555555554,0.0,0.0,304.43507642184113,328.8888888888889,Queens,-2.5,31,3.4339872044851463,2.9444389791664403,1.303063706970167,5.721737240222846
36081,2016,2,18.0,2.638888888888889,0.0,0.0,876.6099830255628,1151.2777777777778,Queens,-2.5,29,3.367295829986474,2.9444389791664403,1.2916783847450415,6.7772022842672905
36081,2016,3,11.0,2.522727272727273,0.0,0.0,648.0568364008496,837.2727272727273,Queens,-2.5,31,3.4339872044851463,2.4849066497880004,1.2592354830009855,6.47552028821759
36081,2016,4,7.0,2.8214285714285716,0.0,0.0,779.9062585034014,1124.0,Queens,-2.5,30,3.4011973816621555,2.0794415416798357,1.3406243242867022,6.660455115111352
36081,2016,5,8.0,2.90625,0.0,0.0,891.7970004286494,1163.25,Queens,-2.5,31,3.4339872044851463,2.1972245773362196,1.3625778345025745,6.7943592318864665
36081,2016,6,3.0,1.25,0.0,0.0,383.3666666666666,383.6666666666667,Queens,-2.5,30,3.4011973816621555,1.3862943611198906,0.8109302162163288,5.9515969581089605
36081,2016,7,11.0,3.090909090909091,0.0,0.0,707.2876634308452,884.3636363636364,Queens,-2.5,31,3.4339872044851463,2.4849066497880004,1.4087672169719492,6.562850315455341
36081,2016,8,24.0,3.0104166666666665,0.0,0.0,548.8076850677977,766.8333333333334,Queens,-2.5,31,3.4339872044851463,3.2188758248682006,1.3888951428199479,6.309568553566881
36081,2016,9,11.0,1.9545454545454546,0.0,0.0,664.9126651126652,964.6363636363636,Queens,-2.5,30,3.4011973816621555,2.4849066497880004,1.0833448165373212,6.501158528477178
36081,2016,10,9.0,2.388888888888889,0.0,0.0,1261.7153820487156,1458.7777777777778,Queens,-2.5,31,3.4339872044851463,2.302585092994046,1.2205021062771466,7.141019746241597
36081,2016,11,7.0,1.0,0.0,0.0,441.260544217687,445.14285714285717,Queens,-2.5,30,3.4011973816621555,2.0794415416798357,0.6931471805599453,6.091899174966385
36081,2016,12,13.0,4.3076923076923075,0.0,0.0,604.0433608137593,776.8461538461538,Queens,-2.5,31,3.4339872044851463,2.6390573296152584,1.6691571471357225,6.405300126229159
36081,2017,1,20.0,1.675,0.0,0.0,496.1852362914863,689.2,Queens,-1.5,31,3.4339872044851463,3.044522437723423,0.9839493803479699,6.2089626654939325
36081,2017,2,13.0,7.0576923076923075,0.0,0.0,476.8307192807193,762.5384615384615,Queens,-1.5,28,3.332204510175204,2.6390573296152584,2.0866272013407103,6.169256526003558
36081,2017,3,22.0,2.215909090909091,2.0,0.09090909090909091,567.3354978354978,670.5,Queens,-1.5,31,3.4339872044851463,3.1354942159291497,1.168110083165031,6.342711909550462
36081,2017,4,12.0,1.9166666666666667,0.0,0.0,728.2771125116714,888.6666666666666,Queens,-1.5,30,3.4011973816621555,2.5649493574615367,1.0704414117014134,6.592053786680887
36081,2017,5,11.0,1.4545454545454546,0.0,0.0,627.3432817182817,734.6363636363636,Queens,-1.5,31,3.4339872044851463,2.4849066497880004,0.8979415932059586,6.443086644062054
36081,2017,6,12.0,3.75,0.0,0.0,549.7439677290274,738.3333333333334,Queens,-1.5,30,3.4011973816621555,2.5649493574615367,1.55814461804655,6.311270032792742
36081,2017,7,17.0,2.2058823529411766,0.0,0.0,711.8898689771188,921.0,Queens,-1.5,31,3.4339872044851463,2.8903717578961645,1.1649873576129823,6.569326947021229
36081,2017,8,10.0,1.2,0.0,0.0,588.349304029304,649.4,Queens,-1.5,31,3.4339872044851463,2.3978952727983707,0.7884573603642702,6.379019053759527
36081,2017,9,12.0,0.875,0.0,0.0,1276.9049145299145,1345.0833333333333,Queens,-1.5,30,3.4011973816621555,2.5649493574615367,0.6286086594223741,7.152977230393251
36081,2017,10,10.0,1.575,0.0,0.0,726.5137426900585,885.9,Queens,-1.5,31,3.4339872044851463,2.3978952727983707,0.9458495341156995,6.589632889162841
36081,2017,11,15.0,2.4833333333333334,0.0,0.0,562.7843702496334,630.6666666666666,Queens,-1.5,30,3.4011973816621555,2.772588722239781,1.2479896897427103,6.33467185614185
36081,2017,12,21.0,1.0595238095238095,0.0,0.0,529.3164399092971,626.952380952381,Queens,-1.5,31,3.4339872044851463,3.091042453358316,0.7224747956544654,6.2734738848115255
36081,2018,1,33.0,2.7803030303030303,0.0,0.0,645.3939975749195,791.5151515151515,Queens,-0.5,31,3.4339872044851463,3.5263605246161616,1.3298041731651478,6.471409221233881
36081,2018,2,11.0,1.8863636363636365,0.0,0.0,534.0267148181587,588.3636363636364,Queens,-0.5,28,3.332204510175204,2.4849066497880004,1.0599974525403302,6.282316679888883
36081,2018,3,29.0,6.612068965517241,4.0,0.13793103448275862,2425.5390163602574,3313.689655172414,Queens,-0.5,31,3.4339872044851463,3.4011973816621555,2.029735009497595,7.794221247990782
36081,2018,4,9.0,2.5833333333333335,1.0,0.1111111111111111,648.1863734002623,876.7777777777778,Queens,-0.5,30,3.4011973816621555,2.302585092994046,1.2762934659055623,6.475719845586909
36081,2018,5,17.0,1.8088235294117647,2.0,0.11764705882352941,640.4466386554623,693.6470588235294,Queens,-0.5,31,3.4339872044851463,2.8903717578961645,1.0327657228705232,6.463725998453172
36081,2018,6,15.0,2.216666666666667,0.0,0.0,597.7517147034253,707.6,Queens,-0.5,30,3.4011973816621555,2.772588722239781,1.168345626682785,6.394847012526327
36081,2018,7,28.0,2.3482142857142856,1.0,0.03571428571428571,471.7559481527245,642.0,Queens,-0.5,31,3.4339872044851463,3.367295829986474,1.2084271546753163,6.158579289485272
36081,2018,8,25.0,3.01,0.0,0.0,439.7813640367252,726.44,Queens,-0.5,31,3.4339872044851463,3.258096538021482,1.3887912413184778,6.088548979351346
36081,2018,9,7.0,2.5,0.0,0.0,453.4523809523809,512.0,Queens,-0.5,30,3.4011973816621555,2.0794415416798357,1.252762968495368,6.119093135746524
36081,2018,10,14.0,1.2142857142857142,0.0,0.0,598.8633771929825,642.0,Queens,-0.5,31,3.4339872044851463,2.70805020110221,0.7949298748698876,6.396701924609138
36081,2018,11,17.0,2.1323529411764706,0.0,0.0,454.2996927411273,623.4117647058823,Queens,-0.5,30,3.4011973816621555,2.8903717578961645,1.1417844605333185,6.120955867491238
36081,2018,12,11.0,1.8409090909090908,0.0,0.0,565.6050636232454,655.0,Queens,-0.5,31,3.4339872044851463,2.4849066497880004,1.0441241033840398,6.339662524213605
36081,2019,1,9.0,1.5555555555555556,0.0,0.0,455.74934640522883,533.5555555555555,Queens,0.5,31,3.4339872044851463,2.302585092994046,0.9382696385929303,6.124134764288792
36081,2019,2,22.0,2.2613636363636362,0.0,0.0,371.9425480885409,449.40909090909093,Queens,0.5,28,3.332204510175204,3.1354942159291497,1.1821454012814145,5.921424381208229
36081,2019,3,10.0,8.575,0.0,0.0,443.2427990708478,559.4,Queens,0.5,31,3.4339872044851463,2.3978952727983707,2.2591555350667094,6.096371257721281
36081,2019,4,19.0,1.6710526315789473,0.0,0.0,441.6635756056809,468.36842105263156,Queens,0.5,30,3.4011973816621555,2.995732273553991,0.9824726387554562,6.092810058525398
36081,2019,5,11.0,1.2272727272727273,0.0,0.0,533.4350649350649,608.9090909090909,Queens,0.5,31,3.4339872044851463,2.4849066497880004,0.8007778447523107,6.2812102355920345
36081,2019,6,24.0,2.125,1.0,0.041666666666666664,400.37772607022606,466.875,Queens,0.5,30,3.4011973816621555,3.2188758248682006,1.1394342831883648,5.9949029442152675
36081,2019,7,25.0,6.25,1.0,0.04,872.0665701256023,2077.4,Queens,0.5,31,3.4339872044851463,3.258096538021482,1.9810014688665833,6.772011807371787
36081,2019,8,14.0,1.4107142857142858,0.0,0.0,602.7248299319727,680.7142857142857,Queens,0.5,31,3.4339872044851463,2.70805020110221,0.8799230877032802,6.40311851454408
36081,2019,9,2.0,0.875,0.0,0.0,368.1,368.5,Queens,0.5,30,3.4011973816621555,1.0986122886681098,0.6286086594223741,5.911067610035953
36081,2019,10,16.0,3.046875,1.0,0.0625,550.0274302572376,785.625,Queens,0.5,31,3.4339872044851463,2.833213344056216,1.3979449783398659,6.31178459059481
36081,2019,11,11.0,4.4772727272727275,1.0,0.09090909090909091,825.2032828282828,1460.4545454545455,Queens,0.5,30,3.4011973816621555,2.4849066497880004,1.700607299572394,6.716840848361067
36081,2019,12,25.0,1.82,0.0,0.0,480.1052222222222,525.44,Queens,0.5,31,3.4339872044851463,3.258096538021482,1.0367368849500223,6.176086003400647
36081,2020,1,15.0,2.066666666666667,0.0,0.0,397.05735517568854,444.0,Queens,1.5,31,3.4339872044851463,2.772588722239781,1.120591195386885,5.986596103383437
36081,2020,2,7.0,3.0714285714285716,1.0,0.14285714285714285,641.417970521542,947.5714285714286,Queens,1.5,29,3.367295829986474,2.0794415416798357,1.4039939382192916,6.465239136278555
36081,2020,3,12.0,2.0833333333333335,0.0,0.0,464.3233679057209,502.0,Queens,1.5,31,3.4339872044851463,2.5649493574615367,1.1260112628562242,6.142732578749504
36081,2020,4,9.0,2.25,0.0,0.0,498.4904761904761,629.8888888888889,Queens,1.5,30,3.4011973816621555,2.302585092994046,1.1786549963416462,6.213588531221103
36081,2020,5,11.0,1.0227272727272727,1.0,0.09090909090909091,404.1753246753247,446.8181818181818,Queens,1.5,31,3.4339872044851463,2.4849066497880004,0.7044467358138786,6.0043198738650805
36081,2020,6,16.0,1.6875,0.0,0.0,418.90422181984684,546.75,Queens,1.5,30,3.4011973816621555,2.833213344056216,0.9886113934537812,6.040026641985511
36081,2020,7,34.0,4.727941176470588,0.0,0.0,547.5963177849385,795.9117647058823,Queens,1.5,31,3.4339872044851463,3.5553480614894135,1.7453561601346963,6.307362866459355
36081,2020,8,24.0,12.760416666666666,0.0,0.0,1343.664721396204,3053.0416666666665,Queens,1.5,31,3.4339872044851463,3.2188758248682006,2.621796113054489,7.203899983188732
36081,2020,9,8.0,2.0625,0.0,0.0,429.60074404761906,566.75,Queens,1.5,30,3.4011973816621555,2.1972245773362196,1.1192315758708453,6.065181312861002
36081,2020,10,11.0,1.1136363636363635,1.0,0.09090909090909091,369.58852813852815,376.3636363636364,Queens,1.5,31,3.4339872044851463,2.4849066497880004,0.7484098592349947,5.915092358538172
36081,2020,11,11.0,3.0,0.0,0.0,665.64173553719,983.1818181818181,Queens,1.5,30,3.4011973816621555,2.4849066497880004,1.3862943611198906,6.502252773480484
36081,2020,12,21.0,9.607142857142858,0.0,0.0,431.46451139706517,535.4285714285714,Queens,1.5,31,3.4339872044851463,3.091042453358316,2.3615276286274955,6.069500268432013
36081,2021,1,14.0,1.5892857142857142,0.0,0.0,603.657214214357,693.5,Queens,2.5,31,3.4339872044851463,2.70805020110221,0.9513820516854251,6.40466170938372
36081,2021,2,29.0,9.862068965517242,0.0,0.0,358.5627459233277,576.5172413793103,Queens,2.5,28,3.332204510175204,3.4011973816621555,2.385276808839159,5.884888698574824
36081,2021,3,18.0,1.5277777777777777,0.0,0.0,638.6787718454385,737.3333333333334,Queens,2.5,31,3.4339872044851463,2.9444389791664403,0.9273405680607401,6.460966131358714
36081,2021,4,14.0,2.5535714285714284,0.0,0.0,672.7093190374441,819.4285714285714,Queens,2.5,30,3.4011973816621555,2.70805020110221,1.267953133989343,6.512798740492948
36081,2021,5,31.0,1.3306451612903225,0.0,0.0,483.6236791881953,498.258064516129,Queens,2.5,31,3.4339872044851463,3.4657359027997265,0.8461451225073953,6.183372670556778
36081,2021,6,22.0,5.034090909090909,0.0,0.0,558.7786281364802,775.1363636363636,Queens,2.5,30,3.4011973816621555,3.1354942159291497,1.7974252067637324,6.327541398675683
36081,2021,7,20.0,3.5625,0.0,0.0,675.1596774467363,1186.05,Queens,2.5,31,3.4339872044851463,3.044522437723423,1.5178707189086098,6.516429257390688
36081,2021,8,17.0,2.661764705882353,0.0,0.0,445.7416162845229,534.9411764705883,Queens,2.5,31,3.4339872044851463,2.8903717578961645,1.2979451912886009,6.101980387852313
36081,2021,9,13.0,4.230769230769231,0.0,0.0,547.454495641872,677.2307692307693,Queens,2.5,30,3.4011973816621555,2.6390573296152584,1.65455834771457,6.307104314818683
36081,2021,10,12.0,1.2916666666666667,0.0,0.0,549.856247918748,841.8333333333334,Queens,2.5,31,3.4339872044851463,2.5649493574615367,0.8292793548845253,6.311473882044974
36081,2021,11,12.0,3.0,0.0,0.0,424.0335705730606,527.25,Queens,2.5,30,3.4011973816621555,2.5649493574615367,1.3862943611198906,6.052168155388576
36081,2021,12,16.0,1.4375,0.0,0.0,453.0269230769231,528.4375,Queens,2.5,31,3.4339872044851463,2.833213344056216,0.8909729238898652,6.118156498214606
36081,2022,1,35.0,1.1857142857142857,0.0,0.0,617.0296365196366,711.5714285714286,Queens,3.5,31,3.4339872044851463,3.58351893845611,0.7819426793430765,6.426536411841253
36081,2022,2,27.0,5.166666666666667,1.0,0.037037037037037035,363.417243169363,509.8888888888889,Queens,3.5,28,3.332204510175204,3.332204510175204,1.8191584434161694,5.898299483611402
36081,2022,3,25.0,0.82,0.0,0.0,541.7375613275613,560.28,Queens,3.5,31,3.4339872044851463,3.258096538021482,0.598836501088704,6.296625890628554
36081,2022,4,17.0,1.0588235294117647,2.0,0.11764705882352941,343.50756302521006,371.94117647058823,Queens,3.5,30,3.4011973816621555,2.8903717578961645,0.7221347174331976,5.842116043841792
36081,2022,5,17.0,0.8529411764705882,0.0,0.0,333.9343137254902,337.11764705882354,Queens,3.5,31,3.4339872044851463,2.8903717578961645,0.6167742017753712,5.813934434167805
36081,2022,6,29.0,2.3448275862068964,0.0,0.0,289.4597239082026,341.41379310344826,Queens,3.5,30,3.4011973816621555,3.4011973816621555,1.2074151485169087,5.671464922646267
36081,2022,7,36.0,1.9305555555555556,0.0,0.0,516.0409854335435,631.5833333333334,Queens,3.5,31,3.4339872044851463,3.6109179126442243,1.0751920144600111,6.248122146866377
36081,2022,8,28.0,2.5982142857142856,0.0,0.0,411.5816305150023,594.6785714285714,Queens,3.5,31,3.4339872044851463,3.367295829986474,1.2804376906515884,6.022434078354247
36081,2022,9,13.0,1.3846153846153846,0.0,0.0,483.1929487179487,575.3846153846154,Queens,3.5,30,3.4011973816621555,2.6390573296152584,0.8690378470236095,6.1824834816510155
36081,2022,10,28.0,1.2857142857142858,0.0,0.0,417.4109887136673,440.35714285714283,Queens,3.5,31,3.4339872044851463,3.367295829986474,0.826678573184468,6.036464176061822
36081,2022,11,21.0,2.4642857142857144,0.0,0.0,646.1963447367251,845.2380952380952,Queens,3.5,30,3.4011973816621555,3.091042453358316,1.242506468328179,6.4726497179173395
36081,2022,12,29.0,2.0344827586206895,1.0,0.034482758620689655,513.6007183908046,686.2758620689655,Queens,3.5,31,3.4339872044851463,3.4011973816621555,1.1100409844917325,6.243391295864556
36081,2023,1,14.0,1.0178571428571428,0.0,0.0,481.67302102659244,509.57142857142856,Queens,4.5,31,3.4339872044851463,2.70805020110221,0.7020361279771913,6.179339449301236
36081,2023,2,22.0,1.1477272727272727,0.0,0.0,725.0934388528138,756.0,Queens,4.5,28,3.332204510175204,3.1354942159291497,0.7644102005814359,6.5876787101972045
36081,2023,3,10.0,2.0,1.0,0.1,552.2622222222222,640.6,Queens,4.5,31,3.4339872044851463,2.3978952727983707,1.0986122886681098,6.315832070367615
36081,2023,4,17.0,1.1323529411764706,0.0,0.0,523.2739630467572,557.9411764705883,Queens,4.5,30,3.4011973816621555,2.8903717578961645,0.7572260372444677,6.262014377934834
36081,2023,5,19.0,0.5263157894736842,0.0,0.0,425.781328320802,436.2105263157895,Queens,4.5,31,3.4339872044851463,2.995732273553991,0.42285685082003355,6.056271770393777
36081,2023,6,7.0,1.6071428571428572,0.0,0.0,423.98506069094304,459.14285714285717,Queens,4.5,30,3.4011973816621555,2.0794415416798357,0.9582549309731873,6.052054016991167
36081,2023,7,25.0,2.01,0.0,0.0,500.8981629381371,595.44,Queens,4.5,31,3.4339872044851463,3.258096538021482,1.1019400787607843,6.21839723643928
36081,2023,8,21.0,2.130952380952381,0.0,0.0,497.3224537037037,559.3809523809524,Queens,4.5,31,3.4339872044851463,3.091042453358316,1.141337233334451,6.211247364885653
36081,2023,9,17.0,4.397058823529412,0.0,0.0,453.3358008372869,692.8235294117648,Queens,4.5,30,3.4011973816621555,2.8903717578961645,1.6858541428784637,6.11883657405686
36081,2023,10,8.0,1.03125,0.0,0.0,327.9744047619048,355.875,Queens,4.5,31,3.4339872044851463,2.1972245773362196,0.7086513670959106,5.795979950662745
36081,2023,11,3.0,1.25,0.0,0.0,331.3333333333333,352.0,Queens,4.5,30,3.4011973816621555,1.3862943611198906,0.8109302162163288,5.806138481293728
36081,2023,12,16.0,2.84375,0.0,0.0,532.6510397588523,866.375,Queens,4.5,31,3.4339872044851463,2.833213344056216,1.346448452572691,6.279742141749066
36085,2014,1,0.0,,0.0,0.0,,,Staten Island,-4.5,31,3.4339872044851463,0.0,,
36085,2014,2,0.0,,0.0,0.0,,,Staten Island,-4.5,28,3.332204510175204,0.0,,
36085,2014,3,0.0,,0.0,0.0,,,Staten Island,-4.5,31,3.4339872044851463,0.0,,
36085,2014,4,0.0,,0.0,0.0,,,Staten Island,-4.5,30,3.4011973816621555,0.0,,
36085,2014,5,0.0,,0.0,0.0,,,Staten Island,-4.5,31,3.4339872044851463,0.0,,
36085,2014,6,0.0,,0.0,0.0,,,Staten Island,-4.5,30,3.4011973816621555,0.0,,
36085,2014,7,0.0,,0.0,0.0,,,Staten Island,-4.5,31,3.4339872044851463,0.0,,
36085,2014,8,0.0,,0.0,0.0,,,Staten Island,-4.5,31,3.4339872044851463,0.0,,
36085,2014,9,0.0,,0.0,0.0,,,Staten Island,-4.5,30,3.4011973816621555,0.0,,
36085,2014,10,0.0,,0.0,0.0,,,Staten Island,-4.5,31,3.4339872044851463,0.0,,
36085,2014,11,1.0,1.5,0.0,0.0,1341.1666666666667,1343.0,Staten Island,-4.5,30,3.4011973816621555,0.6931471805599453,0.9162907318741551,7.20204050256749
36085,2014,12,3.0,1.1666666666666667,0.0,0.0,863.8055555555555,868.6666666666666,Staten Island,-4.5,31,3.4339872044851463,1.3862943611198906,0.7731898882334818,6.762504690397282
36085,2015,1,3.0,1.6666666666666667,0.0,0.0,495.8888888888889,516.3333333333334,Staten Island,-3.5,31,3.4339872044851463,1.3862943611198906,0.9808292530117263,6.208366437498716
36085,2015,2,2.0,2.0,0.0,0.0,540.1363636363636,555.5,Staten Island,-3.5,28,3.332204510175204,1.0986122886681098,1.0986122886681098,6.293671305562647
36085,2015,3,5.0,1.5,0.0,0.0,1557.0733333333333,1926.0,Staten Island,-3.5,31,3.4339872044851463,1.791759469228055,0.9162907318741551,7.351205294214729
36085,2015,4,8.0,1.03125,0.0,0.0,669.0496031746031,803.25,Staten Island,-3.5,30,3.4011973816621555,2.1972245773362196,0.7086513670959106,6.507351744233547
36085,2015,5,5.0,1.4,0.0,0.0,382.0514285714286,544.4,Staten Island,-3.5,31,3.4339872044851463,1.791759469228055,0.8754687373538999,5.948169258420511
36085,2015,6,11.0,1.9545454545454546,0.0,0.0,1005.4811507936508,1348.3636363636363,Staten Island,-3.5,30,3.4011973816621555,2.4849066497880004,1.0833448165373212,6.914215517426741
36085,2015,7,5.0,5.85,0.0,0.0,1912.760215599239,4550.8,Staten Island,-3.5,31,3.4339872044851463,1.791759469228055,1.9242486522741338,7.556825284958555
36085,2015,8,7.0,1.0357142857142858,0.0,0.0,726.4673469387756,930.5714285714286,Staten Island,-3.5,31,3.4339872044851463,2.0794415416798357,0.7108467576593462,6.589569114105379
36085,2015,9,7.0,1.3571428571428572,0.0,0.0,1003.1077922077922,1004.4285714285714,Staten Island,-3.5,30,3.4011973816621555,2.0794415416798357,0.8574502318512216,6.911854657245471
36085,2015,10,4.0,1.5625,0.0,0.0,566.0416666666666,682.75,Staten Island,-3.5,31,3.4339872044851463,1.6094379124341003,0.9409833444645266,6.340432787212372
36085,2015,11,5.0,1.3,0.0,0.0,551.5277777777777,760.4,Staten Island,-3.5,30,3.4011973816621555,1.791759469228055,0.832909122935104,6.31450370864895
36085,2015,12,0.0,,0.0,0.0,,,Staten Island,-3.5,31,3.4339872044851463,0.0,,
36085,2016,1,4.0,0.9375,0.0,0.0,651.6833333333334,756.0,Staten Island,-2.5,31,3.4339872044851463,1.6094379124341003,0.661398482245365,6.481092070357793
36085,2016,2,5.0,1.25,0.0,0.0,551.36,688.4,Staten Island,-2.5,29,3.367295829986474,1.791759469228055,0.8109302162163288,6.31420000761715
36085,2016,3,6.0,0.8333333333333334,0.0,0.0,563.0916666666667,563.3333333333334,Staten Island,-2.5,31,3.4339872044851463,1.9459101490553132,0.6061358035703156,6.33521676784239
36085,2016,4,4.0,1.0625,0.0,0.0,460.6696428571429,568.5,Staten Island,-2.5,30,3.4011973816621555,1.6094379124341003,0.723918839226699,6.13484957655452
36085,2016,5,4.0,0.4375,0.0,0.0,386.5,386.5,Staten Island,-2.5,31,3.4339872044851463,1.6094379124341003,0.3629054936893685,5.959715848793402
36085,2016,6,4.0,0.5625,0.0,0.0,320.75,320.75,Staten Island,-2.5,30,3.4011973816621555,1.6094379124341003,0.44628710262841953,5.773774846476236
36085,2016,7,11.0,1.9772727272727273,0.0,0.0,978.7414910979504,1577.0,Staten Island,-2.5,31,3.4339872044851463,2.4849066497880004,1.0910076892828904,6.887288752273414
36085,2016,8,14.0,0.9107142857142857,0.0,0.0,688.7313492063493,806.8571428571429,Staten Island,-2.5,31,3.4339872044851463,2.70805020110221,0.6474771437267569,6.536302172799007
36085,2016,9,8.0,0.96875,0.0,0.0,684.8321428571428,734.625,Staten Island,-2.5,30,3.4011973816621555,2.1972245773362196,0.6773988235918061,6.530632908071853
36085,2016,10,4.0,1.1875,0.0,0.0,894.3839285714286,967.75,Staten Island,-2.5,31,3.4339872044851463,1.6094379124341003,0.7827593392496325,6.797252596764197
36085,2016,11,6.0,0.875,0.0,0.0,536.6999999999999,555.5,Staten Island,-2.5,30,3.4011973816621555,1.9459101490553132,0.6286086594223741,6.287300783815632
36085,2016,12,3.0,1.5833333333333333,0.0,0.0,478.4666666666667,654.3333333333334,Staten Island,-2.5,31,3.4339872044851463,1.3862943611198906,0.9490805546971459,6.1726743750492465
36085,2017,1,7.0,1.2142857142857142,0.0,0.0,725.0831890331891,745.2857142857143,Staten Island,-1.5,31,3.4339872044851463,2.0794415416798357,0.7949298748698876,6.58766459370555
36085,2017,2,5.0,0.9,0.0,0.0,906.7,953.2,Staten Island,-1.5,28,3.332204510175204,1.791759469228055,0.6418538861723948,6.810913927532582
36085,2017,3,11.0,0.9318181818181818,2.0,0.18181818181818182,582.75,635.8181818181819,Staten Island,-1.5,31,3.4339872044851463,2.4849066497880004,0.6584616225720553,6.369472808983107
36085,2017,4,4.0,1.5,0.0,0.0,796.0875,1124.5,Staten Island,-1.5,30,3.4011973816621555,1.6094379124341003,0.9162907318741551,6.680964459464222
36085,2017,5,2.0,1.5,0.0,0.0,962.0833333333334,1090.0,Staten Island,-1.5,31,3.4339872044851463,1.0986122886681098,0.9162907318741551,6.870139943187441
36085,2017,6,4.0,1.375,0.0,0.0,770.88125,880.5,Staten Island,-1.5,30,3.4011973816621555,1.6094379124341003,0.8649974374866045,6.648830716949552
36085,2017,7,7.0,1.9285714285714286,0.0,0.0,1969.4569796145884,2474.5714285714284,Staten Island,-1.5,31,3.4339872044851463,2.0794415416798357,1.074514737089049,7.586020764178812
36085,2017,8,10.0,1.25,0.0,0.0,794.6077380952381,828.8,Staten Island,-1.5,31,3.4339872044851463,2.3978952727983707,0.8109302162163288,6.6791062730451864
36085,2017,9,2.0,0.75,0.0,0.0,420.8,421.0,Staten Island,-1.5,30,3.4011973816621555,1.0986122886681098,0.5596157879354227,6.0445312680446746
36085,2017,10,3.0,0.75,0.0,0.0,659.5,699.3333333333334,Staten Island,-1.5,31,3.4339872044851463,1.3862943611198906,0.5596157879354227,6.49299712396238
36085,2017,11,3.0,1.9166666666666667,0.0,0.0,294.70476190476194,303.3333333333333,Staten Island,-1.5,30,3.4011973816621555,1.3862943611198906,1.0704414117014134,5.689361530566311
36085,2017,12,0.0,,0.0,0.0,,,Staten Island,-1.5,31,3.4339872044851463,0.0,,
36085,2018,1,0.0,,0.0,0.0,,,Staten Island,-0.5,31,3.4339872044851463,0.0,,
36085,2018,2,0.0,,0.0,0.0,,,Staten Island,-0.5,28,3.332204510175204,0.0,,
36085,2018,3,0.0,,0.0,0.0,,,Staten Island,-0.5,31,3.4339872044851463,0.0,,
36085,2018,4,0.0,,0.0,0.0,,,Staten Island,-0.5,30,3.4011973816621555,0.0,,
36085,2018,5,0.0,,0.0,0.0,,,Staten Island,-0.5,31,3.4339872044851463,0.0,,
36085,2018,6,0.0,,0.0,0.0,,,Staten Island,-0.5,30,3.4011973816621555,0.0,,
36085,2018,7,0.0,,0.0,0.0,,,Staten Island,-0.5,31,3.4339872044851463,0.0,,
36085,2018,8,0.0,,0.0,0.0,,,Staten Island,-0.5,31,3.4339872044851463,0.0,,
36085,2018,9,0.0,,0.0,0.0,,,Staten Island,-0.5,30,3.4011973816621555,0.0,,
36085,2018,10,0.0,,0.0,0.0,,,Staten Island,-0.5,31,3.4339872044851463,0.0,,
36085,2018,11,0.0,,0.0,0.0,,,Staten Island,-0.5,30,3.4011973816621555,0.0,,
36085,2018,12,0.0,,0.0,0.0,,,Staten Island,-0.5,31,3.4339872044851463,0.0,,
36085,2019,1,0.0,,0.0,0.0,,,Staten Island,0.5,31,3.4339872044851463,0.0,,
36085,2019,2,0.0,,0.0,0.0,,,Staten Island,0.5,28,3.332204510175204,0.0,,
36085,2019,3,0.0,,0.0,0.0,,,Staten Island,0.5,31,3.4339872044851463,0.0,,
36085,2019,4,0.0,,0.0,0.0,,,Staten Island,0.5,30,3.4011973816621555,0.0,,
36085,2019,5,0.0,,0.0,0.0,,,Staten Island,0.5,31,3.4339872044851463,0.0,,
36085,2019,6,0.0,,0.0,0.0,,,Staten Island,0.5,30,3.4011973816621555,0.0,,
36085,2019,7,0.0,,0.0,0.0,,,Staten Island,0.5,31,3.4339872044851463,0.0,,
36085,2019,8,0.0,,0.0,0.0,,,Staten Island,0.5,31,3.4339872044851463,0.0,,
36085,2019,9,3.0,0.5833333333333334,0.0,0.0,905.1666666666666,1100.0,Staten Island,0.5,30,3.4011973816621555,1.3862943611198906,0.4595323293784402,6.809223247917866
36085,2019,10,6.0,1.375,0.0,0.0,642.9041666666667,744.5,Staten Island,0.5,31,3.4339872044851463,1.9459101490553132,0.8649974374866045,6.467549905507308
36085,2019,11,0.0,,0.0,0.0,,,Staten Island,0.5,30,3.4011973816621555,0.0,,
36085,2019,12,4.0,1.5625,0.0,0.0,1231.2892857142856,1405.5,Staten Island,0.5,31,3.4339872044851463,1.6094379124341003,0.9409833444645266,7.116628926362975
36085,2020,1,3.0,1.4166666666666667,0.0,0.0,2015.8222222222223,2897.3333333333335,Staten Island,1.5,31,3.4339872044851463,1.3862943611198906,0.8823891801984738,7.609278394368253
36085,2020,2,2.0,1.5,0.0,0.0,591.5625,1043.0,Staten Island,1.5,29,3.367295829986474,1.0986122886681098,0.9162907318741551,6.3844563526781775
36085,2020,3,6.0,1.9166666666666667,0.0,0.0,960.9778711484593,1078.0,Staten Island,1.5,31,3.4339872044851463,1.9459101490553132,1.0704414117014134,6.8689914474369544
36085,2020,4,6.0,1.5,0.0,0.0,859.9812499999999,1170.3333333333333,Staten Island,1.5,30,3.4011973816621555,1.9459101490553132,0.9162907318741551,6.758072727187124
36085,2020,5,1.0,2.0,0.0,0.0,417.875,429.0,Staten Island,1.5,31,3.4339872044851463,0.6931471805599453,1.0986122886681098,6.037572546057475
36085,2020,6,1.0,2.25,0.0,0.0,639.1111111111111,667.0,Staten Island,1.5,30,3.4011973816621555,0.6931471805599453,1.1786549963416462,6.461641772396164
36085,2020,7,17.0,1.3235294117647058,0.0,0.0,733.7354988149106,966.7058823529412,Staten Island,1.5,31,3.4339872044851463,2.8903717578961645,0.84308732785086,6.599510568887744
36085,2020,8,12.0,35.0625,2.0,0.16666666666666666,2954.8145935083444,10023.75,Staten Island,1.5,31,3.4339872044851463,2.5649493574615367,3.585253544268318,7.99152955801314
36085,2020,9,5.0,0.75,0.0,0.0,852.5,872.4,Staten Island,1.5,30,3.4011973816621555,1.791759469228055,0.5596157879354227,6.7493455422344955
36085,2020,10,4.0,1.875,0.0,0.0,831.4791666666667,1063.75,Staten Island,1.5,31,3.4339872044851463,1.6094379124341003,1.0560526742493137,6.724408196516443
36085,2020,11,7.0,1.5714285714285714,0.0,0.0,716.9163265306123,865.4285714285714,Staten Island,1.5,30,3.4011973816621555,2.0794415416798357,0.9444616088408514,6.576353025391834
36085,2020,12,5.0,3.85,0.0,0.0,683.5245718050066,1339.2,Staten Island,1.5,31,3.4339872044851463,1.791759469228055,1.5789787049493917,6.528724541534909
36085,2021,1,7.0,0.8571428571428571,0.0,0.0,566.0843537414966,655.8571428571429,Staten Island,2.5,31,3.4339872044851463,2.0794415416798357,0.6190392084062234,6.340508064693149
36085,2021,2,3.0,1.5,0.0,0.0,3146.931481481481,4947.333333333333,Staten Island,2.5,28,3.332204510175204,1.3862943611198906,0.9162907318741551,8.054500843570265
36085,2021,3,8.0,1.03125,0.0,0.0,518.9416666666666,620.5,Staten Island,2.5,31,3.4339872044851463,2.1972245773362196,0.7086513670959106,6.253716625795704
36085,2021,4,3.0,1.3333333333333333,0.0,0.0,989.3690476190477,1255.6666666666667,Staten Island,2.5,30,3.4011973816621555,1.3862943611198906,0.8472978603872036,6.898077649037934
36085,2021,5,8.0,0.75,0.0,0.0,893.7375,948.5,Staten Island,2.5,31,3.4339872044851463,2.1972245773362196,0.5596157879354227,6.79653037916576
36085,2021,6,14.0,1.4285714285714286,0.0,0.0,656.5341218305504,1000.3571428571429,Staten Island,2.5,30,3.4011973816621555,2.70805020110221,0.8873031950009028,6.488496659025581
36085,2021,7,10.0,1.3,1.0,0.1,375.1845238095238,400.2,Staten Island,2.5,31,3.4339872044851463,2.3978952727983707,0.832909122935104,5.930079777821698
36085,2021,8,11.0,1.5681818181818181,0.0,0.0,913.9501435406698,1199.2727272727273,Staten Island,2.5,31,3.4339872044851463,2.4849066497880004,0.9431981847940794,6.818869575857306
36085,2021,9,15.0,1.6166666666666667,0.0,0.0,777.7346897546898,975.3333333333334,Staten Island,2.5,30,3.4011973816621555,2.772588722239781,0.9619012431262074,6.657670409882321
36085,2021,10,9.0,0.8888888888888888,0.0,0.0,910.753086419753,1005.5555555555555,Staten Island,2.5,31,3.4339872044851463,2.302585092994046,0.6359887667199967,6.815369214843195
36085,2021,11,7.0,1.7857142857142858,0.0,0.0,803.5964912280702,981.4285714285714,Staten Island,2.5,30,3.4011973816621555,2.0794415416798357,1.024504316514388,6.690340898616383
36085,2021,12,6.0,1.7083333333333333,1.0,0.16666666666666666,412.6157407407407,454.3333333333333,Staten Island,2.5,31,3.4339872044851463,1.9459101490553132,0.9963334395476915,6.024937380353839
36085,2022,1,14.0,0.7321428571428571,0.0,0.0,462.99404761904765,499.07142857142856,Staten Island,3.5,31,3.4339872044851463,2.70805020110221,0.5493592877682335,6.1398717237367455
36085,2022,2,13.0,1.0192307692307692,1.0,0.07692307692307693,1030.7032051282051,1432.3846153846155,Staten Island,3.5,28,3.332204510175204,2.6390573296152584,0.702716631576096,6.938966312748985
36085,2022,3,4.0,2.25,0.0,0.0,545.4038461538462,633.75,Staten Island,3.5,31,3.4339872044851463,1.6094379124341003,1.1786549963416462,6.303358347312784
36085,2022,4,5.0,0.95,0.0,0.0,1230.8700000000001,1464.8,Staten Island,3.5,30,3.4011973816621555,1.791759469228055,0.6678293725756554,7.116288619045374
36085,2022,5,19.0,0.7894736842105263,0.0,0.0,516.9658692185008,575.6315789473684,Staten Island,3.5,31,3.4339872044851463,2.995732273553991,0.581921545449721,6.249909350549098
36085,2022,6,12.0,1.2708333333333333,0.0,0.0,930.4169973544973,1113.75,Staten Island,3.5,30,3.4011973816621555,2.5649493574615367,0.8201468713212527,6.836707079635033
36085,2022,7,9.0,2.0833333333333335,0.0,0.0,1019.9267513637668,1383.3333333333333,Staten Island,3.5,31,3.4339872044851463,2.302585092994046,1.1260112628562242,6.9284660735379635
36085,2022,8,14.0,2.0,0.0,0.0,2473.843112244898,3940.0,Staten Island,3.5,31,3.4339872044851463,2.70805020110221,1.0986122886681098,7.813932284001663
36085,2022,9,6.0,0.875,0.0,0.0,623.5166666666667,675.3333333333334,Staten Island,3.5,30,3.4011973816621555,1.9459101490553132,0.6286086594223741,6.436978017226594
36085,2022,10,4.0,0.3125,0.0,0.0,552.25,552.5,Staten Island,3.5,31,3.4339872044851463,1.6094379124341003,0.27193371548364176,6.315809978931159
36085,2022,11,3.0,0.75,0.0,0.0,681.9444444444445,731.3333333333334,Staten Island,3.5,30,3.4011973816621555,1.3862943611198906,0.5596157879354227,6.526413515771177
36085,2022,12,10.0,1.55,1.0,0.1,498.088341543514,598.3,Staten Island,3.5,31,3.4339872044851463,2.3978952727983707,0.9360933591703348,6.2127831172436405
36085,2023,1,6.0,1.5416666666666667,0.0,0.0,543.0484848484848,662.3333333333334,Staten Island,4.5,31,3.4339872044851463,1.9459101490553132,0.9328200338253657,6.299038369444122
36085,2023,2,5.0,0.6,0.0,0.0,443.4333333333333,447.0,Staten Island,4.5,28,3.332204510175204,1.791759469228055,0.4700036292457355,6.096800062453303
36085,2023,3,5.0,0.55,0.0,0.0,623.9733333333334,625.2,Staten Island,4.5,31,3.4339872044851463,1.791759469228055,0.4382549309311553,6.437708982159487
36085,2023,4,5.0,0.55,0.0,0.0,475.4,480.2,Staten Island,4.5,30,3.4011973816621555,1.791759469228055,0.4382549309311553,6.166257837481145
36085,2023,5,7.0,1.1428571428571428,0.0,0.0,695.4280612244899,719.8571428571429,Staten Island,4.5,31,3.4339872044851463,2.0794415416798357,0.7621400520468967,6.545964501775633
36085,2023,6,7.0,0.8214285714285714,0.0,0.0,476.34285714285716,568.4285714285714,Staten Island,4.5,30,3.4011973816621555,2.0794415416798357,0.5996211225491218,6.168235010768365
36085,2023,7,11.0,1.3636363636363635,0.0,0.0,424.425978046721,507.27272727272725,Staten Island,4.5,31,3.4339872044851463,2.4849066497880004,0.8602012652231115,6.053090968242273
36085,2023,8,8.0,0.96875,0.0,0.0,517.564393939394,606.375,Staten Island,4.5,31,3.4339872044851463,2.1972245773362196,0.6773988235918061,6.251064212705445
36085,2023,9,4.0,1.4375,0.0,0.0,1004.2636363636364,1581.75,Staten Island,4.5,30,3.4011973816621555,1.6094379124341003,0.8909729238898652,6.913005110831994
36085,2023,10,5.0,1.1,0.0,0.0,591.8,701.0,Staten Island,4.5,31,3.4339872044851463,1.791759469228055,0.7419373447293773,6.384857073981877
36085,2023,11,2.0,1.0,0.0,0.0,557.5,704.0,Staten Island,4.5,30,3.4011973816621555,1.0986122886681098,0.6931471805599453,6.3252546185092555
36085,2023,12,7.0,2.392857142857143,0.0,0.0,1213.9467203548086,1623.2857142857142,Staten Island,4.5,31,3.4339872044851463,2.0794415416798357,1.221672381425337,7.102455503253313
